-- MySQL dump 10.13  Distrib 5.5.23, for Win64 (x86)
--
-- Host: localhost    Database: dolr
-- ------------------------------------------------------
-- Server version	5.5.23

/*!40101 SET @OLD_CHARACTER_SET_CLIENT=@@CHARACTER_SET_CLIENT */;
/*!40101 SET @OLD_CHARACTER_SET_RESULTS=@@CHARACTER_SET_RESULTS */;
/*!40101 SET @OLD_COLLATION_CONNECTION=@@COLLATION_CONNECTION */;
/*!40101 SET NAMES utf8 */;
/*!40103 SET @OLD_TIME_ZONE=@@TIME_ZONE */;
/*!40103 SET TIME_ZONE='+00:00' */;
/*!40014 SET @OLD_UNIQUE_CHECKS=@@UNIQUE_CHECKS, UNIQUE_CHECKS=0 */;
/*!40014 SET @OLD_FOREIGN_KEY_CHECKS=@@FOREIGN_KEY_CHECKS, FOREIGN_KEY_CHECKS=0 */;
/*!40101 SET @OLD_SQL_MODE=@@SQL_MODE, SQL_MODE='NO_AUTO_VALUE_ON_ZERO' */;
/*!40111 SET @OLD_SQL_NOTES=@@SQL_NOTES, SQL_NOTES=0 */;

--
-- Table structure for table `file`
--

DROP TABLE IF EXISTS `file`;
/*!40101 SET @saved_cs_client     = @@character_set_client */;
/*!40101 SET character_set_client = utf8 */;
CREATE TABLE `file` (
  `id` int(11) NOT NULL AUTO_INCREMENT,
  `filename` varchar(255) COLLATE utf8_romanian_ci NOT NULL,
  `hash` varchar(128) COLLATE utf8_romanian_ci NOT NULL,
  PRIMARY KEY (`id`)
) ENGINE=InnoDB DEFAULT CHARSET=utf8 COLLATE=utf8_romanian_ci;
/*!40101 SET character_set_client = @saved_cs_client */;

--
-- Dumping data for table `file`
--

LOCK TABLES `file` WRITE;
/*!40000 ALTER TABLE `file` DISABLE KEYS */;
/*!40000 ALTER TABLE `file` ENABLE KEYS */;
UNLOCK TABLES;

--
-- Table structure for table `registru`
--

DROP TABLE IF EXISTS `registru`;
/*!40101 SET @saved_cs_client     = @@character_set_client */;
/*!40101 SET character_set_client = utf8 */;
CREATE TABLE `registru` (
  `nr` int(11) NOT NULL AUTO_INCREMENT,
  `data` datetime NOT NULL,
  `shortname` varchar(100) COLLATE utf8_romanian_ci NOT NULL,
  `description` mediumtext COLLATE utf8_romanian_ci NOT NULL,
  `termen` datetime NOT NULL,
  `tip_stat` int(11) NOT NULL,
  PRIMARY KEY (`nr`),
  KEY `fk_registru_tip_stat1` (`tip_stat`),
  CONSTRAINT `fk_registru_tip_stat1` FOREIGN KEY (`tip_stat`) REFERENCES `tip_stat` (`id`) ON DELETE NO ACTION ON UPDATE NO ACTION
) ENGINE=InnoDB DEFAULT CHARSET=utf8 COLLATE=utf8_romanian_ci;
/*!40101 SET character_set_client = @saved_cs_client */;

--
-- Dumping data for table `registru`
--

LOCK TABLES `registru` WRITE;
/*!40000 ALTER TABLE `registru` DISABLE KEYS */;
/*!40000 ALTER TABLE `registru` ENABLE KEYS */;
UNLOCK TABLES;

--
-- Table structure for table `tip_stat`
--

DROP TABLE IF EXISTS `tip_stat`;
/*!40101 SET @saved_cs_client     = @@character_set_client */;
/*!40101 SET character_set_client = utf8 */;
CREATE TABLE `tip_stat` (
  `id` int(11) NOT NULL,
  `nume` varchar(128) COLLATE utf8_romanian_ci NOT NULL,
  `2d` tinyint(1) NOT NULL DEFAULT '0',
  `AR` tinyint(1) NOT NULL DEFAULT '0',
  `variable` tinyint(1) NOT NULL DEFAULT '0',
  PRIMARY KEY (`id`)
) ENGINE=InnoDB DEFAULT CHARSET=utf8 COLLATE=utf8_romanian_ci;
/*!40101 SET character_set_client = @saved_cs_client */;

--
-- Dumping data for table `tip_stat`
--

LOCK TABLES `tip_stat` WRITE;
/*!40000 ALTER TABLE `tip_stat` DISABLE KEYS */;
INSERT INTO `tip_stat` VALUES (1,'Simplu_PJ',0,0,0),(2,'Simplu_AR',0,1,0),(3,'2D_PJ',1,0,0),(4,'2D_AR',1,1,0),(5,'Catalog_PJ',0,0,1),(6,'Catalog_AR',0,1,1);
/*!40000 ALTER TABLE `tip_stat` ENABLE KEYS */;
UNLOCK TABLES;

--
-- Table structure for table `tip_transfer`
--

DROP TABLE IF EXISTS `tip_transfer`;
/*!40101 SET @saved_cs_client     = @@character_set_client */;
/*!40101 SET character_set_client = utf8 */;
CREATE TABLE `tip_transfer` (
  `id` int(11) NOT NULL AUTO_INCREMENT,
  `nume` varchar(45) COLLATE utf8_romanian_ci NOT NULL,
  PRIMARY KEY (`id`)
) ENGINE=InnoDB DEFAULT CHARSET=utf8 COLLATE=utf8_romanian_ci;
/*!40101 SET character_set_client = @saved_cs_client */;

--
-- Dumping data for table `tip_transfer`
--

LOCK TABLES `tip_transfer` WRITE;
/*!40000 ALTER TABLE `tip_transfer` DISABLE KEYS */;
INSERT INTO `tip_transfer` VALUES (1,'Adresă'),(2,'Răspuns');
/*!40000 ALTER TABLE `tip_transfer` ENABLE KEYS */;
UNLOCK TABLES;

--
-- Table structure for table `tip_unitate`
--

DROP TABLE IF EXISTS `tip_unitate`;
/*!40101 SET @saved_cs_client     = @@character_set_client */;
/*!40101 SET character_set_client = utf8 */;
CREATE TABLE `tip_unitate` (
  `id` int(11) NOT NULL AUTO_INCREMENT,
  `nume` varchar(45) COLLATE utf8_romanian_ci NOT NULL,
  PRIMARY KEY (`id`)
) ENGINE=InnoDB DEFAULT CHARSET=utf8 COLLATE=utf8_romanian_ci;
/*!40101 SET character_set_client = @saved_cs_client */;

--
-- Dumping data for table `tip_unitate`
--

LOCK TABLES `tip_unitate` WRITE;
/*!40000 ALTER TABLE `tip_unitate` DISABLE KEYS */;
INSERT INTO `tip_unitate` VALUES (1,'Local'),(2,'Județean'),(3,'Conex'),(4,'Inspectorat');
/*!40000 ALTER TABLE `tip_unitate` ENABLE KEYS */;
UNLOCK TABLES;

--
-- Table structure for table `tip_user`
--

DROP TABLE IF EXISTS `tip_user`;
/*!40101 SET @saved_cs_client     = @@character_set_client */;
/*!40101 SET character_set_client = utf8 */;
CREATE TABLE `tip_user` (
  `id` int(11) NOT NULL AUTO_INCREMENT,
  `name` varchar(128) COLLATE utf8_romanian_ci NOT NULL,
  `can_respond` tinyint(1) NOT NULL DEFAULT '1',
  `can_login` tinyint(1) NOT NULL DEFAULT '1',
  `can_send` tinyint(1) NOT NULL DEFAULT '0',
  `can_manage_all_users` tinyint(1) NOT NULL DEFAULT '0',
  `can_manage_own_users` tinyint(1) NOT NULL DEFAULT '1',
  PRIMARY KEY (`id`)
) ENGINE=InnoDB AUTO_INCREMENT=4 DEFAULT CHARSET=utf8 COLLATE=utf8_romanian_ci;
/*!40101 SET character_set_client = @saved_cs_client */;

--
-- Dumping data for table `tip_user`
--

LOCK TABLES `tip_user` WRITE;
/*!40000 ALTER TABLE `tip_user` DISABLE KEYS */;
INSERT INTO `tip_user` VALUES (1,'Administrator',0,1,1,1,0),(2,'User',1,1,0,0,1),(3,'Banned',0,0,0,0,0);
/*!40000 ALTER TABLE `tip_user` ENABLE KEYS */;
UNLOCK TABLES;

--
-- Table structure for table `transfer`
--

DROP TABLE IF EXISTS `transfer`;
/*!40101 SET @saved_cs_client     = @@character_set_client */;
/*!40101 SET character_set_client = utf8 */;
CREATE TABLE `transfer` (
  `id` int(11) NOT NULL AUTO_INCREMENT,
  `tip_transfer` int(11) NOT NULL,
  `sender` int(11) NOT NULL,
  `reciever` int(11) NOT NULL,
  `attachment` int(11) NOT NULL,
  `registru` int(11) NOT NULL,
  `sent_on` timestamp NOT NULL DEFAULT CURRENT_TIMESTAMP ON UPDATE CURRENT_TIMESTAMP,
  `raspuns_la` int(11) DEFAULT NULL,
  PRIMARY KEY (`id`),
  KEY `fk_transfer_tip_transfer1` (`tip_transfer`),
  KEY `fk_transfer_unitate1` (`sender`),
  KEY `fk_transfer_unitate2` (`reciever`),
  KEY `fk_transfer_file1` (`attachment`),
  KEY `fk_transfer_registru1` (`registru`),
  KEY `fk_transfer_transfer1` (`raspuns_la`),
  CONSTRAINT `fk_transfer_file1` FOREIGN KEY (`attachment`) REFERENCES `file` (`id`) ON DELETE NO ACTION ON UPDATE NO ACTION,
  CONSTRAINT `fk_transfer_registru1` FOREIGN KEY (`registru`) REFERENCES `registru` (`nr`) ON DELETE NO ACTION ON UPDATE NO ACTION,
  CONSTRAINT `fk_transfer_tip_transfer1` FOREIGN KEY (`tip_transfer`) REFERENCES `tip_transfer` (`id`) ON DELETE NO ACTION ON UPDATE NO ACTION,
  CONSTRAINT `fk_transfer_transfer1` FOREIGN KEY (`raspuns_la`) REFERENCES `transfer` (`id`) ON DELETE NO ACTION ON UPDATE NO ACTION,
  CONSTRAINT `fk_transfer_unitate1` FOREIGN KEY (`sender`) REFERENCES `unitate` (`sirues`) ON DELETE NO ACTION ON UPDATE NO ACTION,
  CONSTRAINT `fk_transfer_unitate2` FOREIGN KEY (`reciever`) REFERENCES `unitate` (`sirues`) ON DELETE NO ACTION ON UPDATE NO ACTION
) ENGINE=InnoDB DEFAULT CHARSET=utf8 COLLATE=utf8_romanian_ci;
/*!40101 SET character_set_client = @saved_cs_client */;

--
-- Dumping data for table `transfer`
--

LOCK TABLES `transfer` WRITE;
/*!40000 ALTER TABLE `transfer` DISABLE KEYS */;
/*!40000 ALTER TABLE `transfer` ENABLE KEYS */;
UNLOCK TABLES;

--
-- Table structure for table `unitate`
--

DROP TABLE IF EXISTS `unitate`;
/*!40101 SET @saved_cs_client     = @@character_set_client */;
/*!40101 SET character_set_client = utf8 */;
CREATE TABLE `unitate` (
  `sirues` int(11) NOT NULL AUTO_INCREMENT,
  `nume` varchar(250) COLLATE utf8_romanian_ci NOT NULL,
  `tip_unitate` int(11) NOT NULL,
  `superior` int(11) NOT NULL,
  PRIMARY KEY (`sirues`),
  KEY `fk_unitate_tip_unitate` (`tip_unitate`),
  KEY `fk_unitate_unitate1` (`superior`),
  CONSTRAINT `fk_unitate_tip_unitate` FOREIGN KEY (`tip_unitate`) REFERENCES `tip_unitate` (`id`) ON DELETE NO ACTION ON UPDATE NO ACTION,
  CONSTRAINT `fk_unitate_unitate1` FOREIGN KEY (`superior`) REFERENCES `unitate` (`sirues`) ON DELETE NO ACTION ON UPDATE NO ACTION
) ENGINE=InnoDB AUTO_INCREMENT=144612544 DEFAULT CHARSET=utf8 COLLATE=utf8_romanian_ci;
/*!40101 SET character_set_client = @saved_cs_client */;

--
-- Dumping data for table `unitate`
--

LOCK TABLES `unitate` WRITE;
/*!40000 ALTER TABLE `unitate` DISABLE KEYS */;
INSERT INTO `unitate` VALUES (8559,'CLUBUL SPORTIV SCOLAR SFANTU GHEORGHE',3,8559),(359449,'SCOALA CU CLASELE I-VIII. \"GAAL MOZES\" BARAOLT',1,359449),(374671,'GRADINITA CU PROGRAM PRELUNGIT \"PINOCCHIO\" SFINTU GHEORGHE',1,4241080),(375376,'GRADINITA CU PROGRAM NORMAL ICAFALAU',1,461058),(375431,'GRADINITA CU PROGRAM NORMAL DOBARLAU',1,461125),(391796,'GRADINITA CU PROGRAM NORMAL \"CENUSAREASA\" SFINTU GHEORGHE',1,4241080),(458659,'INSPECTORATUL SCOLAR JUDETEAN COVASNA',4,458659),(458661,'CASA CORPULUI DIDACTIC SFINTU GHEORGHE',3,458661),(458673,'GRADINITA CU PROGRAM NORMAL I.A.S. SFINTU GHEORGHE',1,1257026),(458702,'GRADINITA CU PROGRAM PRELUNGIT \"BENEDEK ELEK\" SFINTU GHEORGHE',1,458702),(458726,'GRADINITA CU PROGRAM PRELUNGIT \"KOROSI CSOMA SANDOR\" SFINTU GHEORGHE',1,460420),(458738,'GRADINITA CU PROGRAM PRELUNGIT \"CSIPIKE\" SFINTU GHEORGHE',1,458738),(458752,'GRADINITA CU PROGRAM PRELUNGIT \"HOFERHERKE\" SFINTU GHEORGHE',1,458752),(458764,'GRADINITA CU PROGRAM PRELUNGIT \"ARVACSKA\" SFINTU GHEORGHE',1,460420),(458776,'GRADINITA CU PROGRAM PRELUNGIT \"CIMBORA\" BARAOLT',1,458776),(458788,'GRADINITA CU PROGRAM PRELUNGIT NR.1 COVASNA',1,458788),(458790,'GRADINITA CU PROGRAM PRELUNGIT NR.2 COVASNA',1,460494),(458805,'GRADINITA CU PROGRAM PRELUNGIT INTORSURA BUZAULUI',1,458805),(458817,'GRADINITA CU PROGRAM PRELUNGIT \"VACKOR\" TIRGU SECUIESC',1,1191337),(458829,'GRADINITA CU PROGRAM PRELUNGIT BRETCU',1,460963),(458831,'GRADINITA CU PROGRAM PRELUNGIT GHELINTA',1,461163),(458843,'GRADINITA CU PROGRAM NORMAL \"TEMESVARI JANOS\" OZUN',1,461474),(458893,'GRADINITA CU PROGRAM NORMAL NR.5 SFINTU GHEORGHE',1,1135711),(458908,'GRADINITA CU PROGRAM NORMAL NR.6 SFINTU GHEORGHE',1,1257026),(458910,'GRADINITA CU PROGRAM NORMAL NR.7 SFINTU GHEORGHE',1,458752),(458934,'GRADINITA CU PROGRAM NORMAL CHILIENI',1,1257026),(458946,'GRADINITA CU PROGRAM NORMAL COSENI',1,1257026),(458958,'GRADINITA CU PROGRAM NORMAL NR.1 BARAOLT',1,458776),(458960,'GRADINITA CU PROGRAM NORMAL BIBORTENI',1,359449),(458972,'GRADINITA CU PROGRAM NORMAL BODOS',1,359449),(458984,'GRADINITA CU PROGRAM NORMAL CAPENI',1,359449),(459005,'GRADINITA CU PROGRAM NORMAL RACOSUL DE SUS',1,359449),(459017,'GRADINITA CU PROGRAM NORMAL NR.1 COVASNA',1,458788),(459029,'GRADINITA CU PROGRAM NORMAL NR.2 COVASNA',1,458788),(459043,'GRADINITA CU PROGRAM NORMAL NR.4 COVASNA',1,460494),(459055,'GRADINITA CU PROGRAM NORMAL CHIURUS',1,461943),(459067,'GRADINITA CU PROGRAM NORMAL NR.1 INTORSURA BUZAULUI',1,458805),(459079,'GRADINITA CU PROGRAM NORMAL BRADET',1,1135773),(459081,'GRADINITA CU PROGRAM NORMAL FLOROAIA MARE',1,1135773),(459093,'GRADINITA CU PROGRAM NORMAL FLOROAIA MICA',1,1135773),(459108,'GRADINITA CU PROGRAM NORMAL \"BENEDEK ELEK\" TG.SECUIESC',1,1191337),(459110,'GRADINITA CU PROGRAM NORMAL NR.2 TIRGU SECUIESC',1,1191337),(459122,'GRADINITA CU PROGRAM NORMAL NR.3 TIRGU SECUIESC',1,965963),(459158,'GRADINITA CU PROGRAM NORMAL LUNGA',1,989098),(459172,'GRADINITA CU PROGRAM NORMAL TINOASA',1,989098),(459184,'GRADINITA CU PROGRAM NORMAL COMANDAU',1,460614),(459196,'GRADINITA CU PROGRAM NORMAL BARCANI',1,460626),(459201,'GRADINITA CU PROGRAM NORMAL LADAUTI',1,460626),(459213,'GRADINITA CU PROGRAM NORMAL SARAMAS',1,460626),(459225,'GRADINITA CU PROGRAM NORMAL VALEA MARE',1,460652),(459237,'GRADINITA CU PROGRAM NORMAL NR.1 SITA BUZAULUI',1,460664),(459249,'GRADINITA CU PROGRAM NORMAL CIUMERNIC',1,460664),(459251,'GRADINITA CU PROGRAM NORMAL NR.3 SITA BUZAULUI - BOBOCEA',1,460664),(459263,'GRADINITA CU PROGRAM NORMAL ZABRATAU',1,460664),(459275,'GRADINITA CU PROGRAM NORMAL AITA MARE',1,460729),(459287,'GRADINITA CU PROGRAM NORMAL AITA MEDIE',1,460729),(459299,'GRADINITA CU PROGRAM NORMAL BATANII MARI',1,460743),(459304,'GRADINITA CU PROGRAM NORMAL BATANII MICI',1,460743),(459316,'GRADINITA CU PROGRAM NORMAL AITA SEACA',1,460743),(459328,'GRADINITA CU PROGRAM NORMAL HERCULIANI',1,460779),(459330,'GRADINITA CU PROGRAM NORMAL BELIN',1,460793),(459342,'GRADINITA CU PROGRAM NORMAL BELIN VALE',1,460793),(459354,'GRADINITA CU PROGRAM NORMAL BODOC',1,460810),(459366,'GRADINITA CU PROGRAM NORMAL OLTENI',1,460810),(459378,'GRADINITA CU PROGRAM NORMAL ZALAN',1,460810),(459380,'GRADINITA CU PROGRAM NORMAL BOROSNEU MARE',1,460846),(459392,'GRADINITA CU PROGRAM NORMAL \"TOMPA KLARA\" BOROSNEU MIC',1,460846),(459419,'GRADINITA CU PROGRAM NORMAL NR.1 LET',1,460846),(459421,'GRADINITA CU PROGRAM NORMAL BRATES',1,460896),(459433,'GRADINITA CU PROGRAM NORMAL TELECHIA',1,460896),(459445,'GRADINITA CU PROGRAM NORMAL BRADUT',1,460925),(459457,'GRADINITA CU PROGRAM NORMAL DOBOSENI',1,460925),(459469,'GRADINITA CU PROGRAM NORMAL FILIA',1,460925),(459471,'GRADINITA CU PROGRAM NORMAL TALISOARA',1,460925),(459483,'GRADINITA CU PROGRAM NORMAL \"PINOCCHIO\" BRETCU',1,460963),(459495,'GRADINITA CU PROGRAM NORMAL MARTANUS',1,460963),(459500,'GRADINITA CU PROGRAM NORMAL OITUZ',1,460963),(459512,'GRADINITA CU PROGRAM NORMAL \"BOBITA\" CATALINA',1,460999),(459524,'GRADINITA CU PROGRAM NORMAL HATUICA',1,460999),(459536,'GRADINITA CU PROGRAM NORMAL IMENI',1,460999),(459548,'GRADINITA CU PROGRAM NORMAL MARCUSA',1,460999),(459550,'GRADINITA CU PROGRAM NORMAL MARTINENI',1,460999),(459562,'GRADINITA CU PROGRAM NORMAL NR.1 CERNAT',1,461058),(459574,'GRADINITA CU PROGRAM NORMAL NR.2 CERNAT',1,461058),(459586,'GRADINITA CU PROGRAM NORMAL NR.3 CERNAT',1,461058),(459598,'GRADINITA CU PROGRAM NORMAL ALBIS',1,461058),(459615,'GRADINITA CU PROGRAM NORMAL CHICHIS',1,461101),(459627,'GRADINITA CU PROGRAM NORMAL BACEL',1,461101),(459639,'GRADINITA CU PROGRAM NORMAL DOBARLAU VALE',1,461125),(459641,'GRADINITA CU PROGRAM NORMAL MARCUS',1,461125),(459689,'GRADINITA CU PROGRAM NORMAL NR.3 GHELINTA',1,461163),(459706,'GRADINITA CU PROGRAM NORMAL GHIDFALAU',1,461199),(459718,'GRADINITA CU PROGRAM NORMAL ANGHELUS',1,461199),(459732,'GRADINITA CU PROGRAM NORMAL ZOLTAN',1,461199),(459744,'GRADINITA CU PROGRAM NORMAL HAGHIG',1,461230),(459756,'GRADINITA CU PROGRAM NORMAL IARAS',1,461230),(459768,'GRADINITA CU PROGRAM NORMAL ILIENI',1,461254),(459770,'GRADINITA CU PROGRAM NORMAL DOBOLII DE JOS',1,461254),(459794,'GRADINITA CU PROGRAM NORMAL NR.1 LEMNIA',1,461280),(459809,'GRADINITA CU PROGRAM NORMAL NR.2 LEMNIA',1,461280),(459811,'GRADINITA CU PROGRAM NORMAL LUTOASA',1,461319),(459823,'GRADINITA CU PROGRAM NORMAL MERENI',1,461319),(459835,'GRADINITA CU PROGRAM NORMAL MALNAS SAT',1,461321),(459859,'GRADINITA CU PROGRAM NORMAL \"ABRAHAM ARPAD\" BIXAD',1,461333),(459873,'GRADINITA CU PROGRAM NORMAL MALNAS BAI',1,461321),(459885,'GRADINITA CU PROGRAM NORMAL \"TORPIKE\" MICFALAU',1,461383),(459902,'GRADINITA CU PROGRAM NORMAL \"TELEKI ZSIGMOND\" MOACSA',1,461400),(459914,'GRADINITA CU PROGRAM NORMAL DALNIC',1,461424),(459926,'GRADINITA CU PROGRAM NORMAL PADURENI',1,461400),(459938,'GRADINITA CU PROGRAM NORMAL \"HANGYABOLY\" OJDULA',1,461448),(459952,'GRADINITA CU PROGRAM NORMAL HILIB',1,461448),(459976,'GRADINITA CU PROGRAM NORMAL BICFALAU',1,461474),(459988,'GRADINITA CU PROGRAM NORMAL LISNAU',1,461474),(460004,'GRADINITA CU PROGRAM NORMAL SANTIONLUNCA',1,461474),(460016,'GRADINITA CU PROGRAM NORMAL \"NAPOCSKA\" POIAN',1,461541),(460028,'GRADINITA CU PROGRAM NORMAL BELANI',1,461541),(460030,'GRADINITA CU PROGRAM NORMAL ESTELNIC',1,461577),(460054,'GRADINITA CU PROGRAM NORMAL \"RADAK KATA\" RECI',1,461591),(460066,'GRADINITA CU PROGRAM NORMAL COMOLAU',1,461591),(460078,'GRADINITA CU PROGRAM NORMAL ANINOASA',1,461591),(460080,'GRADINITA CU PROGRAM NORMAL BITA',1,461591),(460107,'GRADINITA CU PROGRAM NORMAL SANZIENI',1,461644),(460121,'GRADINITA CU PROGRAM NORMAL PETRICENI',1,461644),(460133,'GRADINITA CU PROGRAM NORMAL VALEA SEACA',1,461644),(460145,'GRADINITA CU PROGRAM NORMAL NR.1 TURIA',1,461682),(460157,'GRADINITA CU PROGRAM NORMAL NR.2 TURIA',1,461682),(460169,'GRADINITA CU PROGRAM NORMAL NR.3 TURIA',1,461682),(460171,'GRADINITA CU PROGRAM NORMAL \"GARDONYI GEZA\" TURIA',1,461682),(460183,'GRADINITA CU PROGRAM NORMAL ALUNGENI',1,461682),(460195,'GRADINITA CU PROGRAM NORMAL VALEA CRISULUI',1,461735),(460200,'GRADINITA CU PROGRAM NORMAL ARCUS',1,461747),(460212,'GRADINITA CU PROGRAM NORMAL CALNIC',1,461735),(460224,'GRADINITA CU PROGRAM NORMAL ARACI',1,461761),(460236,'GRADINITA CU PROGRAM NORMAL ARIUSD',1,461761),(460250,'GRADINITA CU PROGRAM NORMAL VALCELE',1,461761),(460262,'GRADINITA CU PROGRAM NORMAL VARGHIS',1,461814),(460274,'GRADINITA CU PROGRAM NORMAL \"SZABO KATI\" ZAGON',1,461888),(460286,'GRADINITA CU PROGRAM NORMAL \"ION CREANGA\" ZAGON',1,461888),(460303,'GRADINITA CU PROGRAM NORMAL NR.2 PAPAUTI',1,461890),(460315,'GRADINITA CU PROGRAM NORMAL NR.1 ZABALA',1,461326),(460327,'GRADINITA CU PROGRAM NORMAL NR.2 ZABALA',1,461326),(460339,'GRADINITA CU PROGRAM NORMAL NR.3 ZABALA',1,461326),(460341,'GRADINITA CU PROGRAM NORMAL TAMASFALAU',1,461326),(460353,'GRADINITA CU PROGRAM NORMAL SURCEA',1,461326),(460365,'LICEUL DE ARTA \"PLUGOR SANDOR\" SFINTU GHEORGHE',1,460365),(460377,'SCOALA CU CLASELE I-VIII. \"VARADI JOZSEF\" SFINTU GHEORGHE',1,460377),(460406,'SCOALA CU CLASELE I-IV. I.A.S. SFINTU GHEORGHE',1,1257026),(460420,'SCOALA CU CLASELE I-VIII. \"GODRI FERENC\" SFINTU GHEORGHE',1,460420),(460432,'SCOALA CU CLASELE I-IV. \"BARTALIS FERENC\" BIBORTENI',1,359449),(460444,'SCOALA CU CLASELE I-IV. \"BUDAI JOZSEF\" BODOS',1,359449),(460456,'SCOALA CU CLASELE I-VIII. CAPENI',1,359449),(460470,'SCOALA CU CLASELE I-IV. MICLOSOARA',1,359449),(460482,'SCOALA CU CLASELE I-VIII. RACOSUL DE SUS',1,359449),(460494,'SCOALA CU CLASELE I-VIII. \"AVRAM IANCU\" COVASNA',1,460494),(460509,'SCOALA CU CLASELE I-VIII. NR.2 COVASNA',1,1203051),(460523,'SCOALA CU CLASELE I-IV. CHIURUS',1,461943),(460535,'SCOALA CU CLASELE I-VIII. \"GHEORGHE ZAHARIA\" BRADET',1,1135773),(460547,'SCOALA CU CLASELE I-IV. FLOROAIA MARE',1,1135773),(460559,'SCOALA CU CLASELE I-IV. FLOROAIA MICA',1,1135773),(460561,'SCOALA CU CLASELE I-VIII. \"PETOFI SANDOR\" TIRGU SECUIESC',1,460561),(460573,'SCOALA CU CLASELE I-VIII. \"MOLNAR JOZSIAS\" TIRGU SECUIESC',1,460573),(460585,'SCOALA CU CLASELE I-IV. \"JAKABOS ODON\" LUNGA',1,989098),(460602,'SCOALA CU CLASELE I-IV. TINOASA',1,989098),(460614,'SCOALA CU CLASELE I-VIII. COMANDAU',1,460614),(460626,'SCOALA CU CLASELE I-VIII. BARCANI',1,460626),(460638,'SCOALA CU CLASELE I-VIII. LADAUTI',1,460626),(460640,'SCOALA CU CLASELE I-VIII. SARAMAS',1,460626),(460652,'SCOALA CU CLASELE I-VIII. \"MIHAI EMINESCU\" VALEA MARE',1,460652),(460664,'SCOALA CU CLASELE I-VIII. \"NICOLAE RUSSU\" SITA BUZAULUI',1,460664),(460676,'SCOALA CU CLASELE I-VIII. CIUMERNIC',1,460664),(460688,'SCOALA CU CLASELE I-VIII. NR.3 SITA BUZAULUI',1,460664),(460717,'SCOALA CU CLASELE I-VIII. ZABRATAU',1,460664),(460729,'SCOALA CU CLASELE I-VIII. \"KRIZA JANOS\" AITA MARE',1,460729),(460731,'SCOALA CU CLASELE I-VIII. AITA MEDIE',1,460729),(460743,'SCOALA CU CLASELE I-VIII. \"BENEDEK ELEK\" BATANII MARI',1,460743),(460755,'SCOALA CU CLASELE I-VIII. \"AJTAI ABOD MIHALY\" AITA SEACA',1,460743),(460767,'SCOALA CU CLASELE I-IV. BATANII MICI',1,460743),(460779,'SCOALA CU CLASELE I-VIII. \"MATHE JANOS\" HERCULIAN',1,460779),(460793,'SCOALA CU CLASELE I-VIII. \"BOLONI FARKAS SANDOR\" BELIN',1,460793),(460808,'SCOALA CU CLASELE I-IV. BELIN VALE',1,460793),(460810,'SCOALA CU CLASELE I-VIII. \"HENTER KAROLY\" BODOC',1,460810),(460822,'SCOALA CU CLASELE I-IV. \"MAKKAI SANDOR\" OLTENI',1,460810),(460834,'SCOALA CU CLASELE I-IV. \"DAVID JOZSEF\" ZALAN',1,460810),(460846,'SCOALA CU CLASELE I-VIII. \"BARTHA KAROLY\" BOROSNEU MARE',1,460846),(460858,'SCOALA CU CLASELE I-IV. \"NAGY KAROLY\" BOROSNEU MIC',1,460846),(460860,'SCOALA CU CLASELE I-IV. DOBOLII DE SUS',1,460846),(460872,'SCOALA CU CLASELE I-IV. NR.1 LET',1,460846),(460884,'SCOALA CU CLASELE I-IV. TUFALAU',1,460846),(460896,'SCOALA CU CLASELE I-VIII. \"BIBO JOZSEF\" BRATES',1,460896),(460901,'SCOALA CU CLASELE I-IV. \"VIDA ANDRAS\"  PACHIA',1,460896),(460913,'SCOALA CU CLASELE I-IV. \"HORVATH KAROLY\" TELECHIA',1,460896),(460925,'SCOALA CU CLASELE I-VIII. \"BENKO JOZSEF\" BRADUT',1,460925),(460937,'SCOALA CU CLASELE I-VIII. DOBOSENI',1,460925),(460949,'SCOALA CU CLASELE I-VIII. FILIA',1,460925),(460951,'SCOALA CU CLASELE I-IV. TALISOARA',1,460925),(460963,'SCOALA CU CLASELE I-VIII. \"COMENIUS\" BRETCU',1,460963),(460975,'SCOALA CU CLASELE I-IV. MARTANUS',1,460963),(460987,'SCOALA CU CLASELE I-VIII. OITUZ',1,460963),(460999,'SCOALA CU CLASELE I-VIII. \"BALINT GABOR\" CATALINA',1,460999),(461008,'SCOALA CU CLASELE I-IV. HATUICA',1,460999),(461010,'SCOALA CU CLASELE I-IV. IMENI',1,460999),(461022,'SCOALA CU CLASELE I-IV. \"BARABAS MIKLOS\" MARCUSA',1,460999),(461046,'SCOALA CU CLASELE I-VIII. MARTINENI',1,460999),(461058,'SCOALA CU CLASELE I-VIII. \"VEGH ANTAL\" CERNAT',1,461058),(461060,'SCOALA CU CLASELE I-VIII. \"BOD PETER\" CERNAT',1,461058),(461084,'SCOALA CU CLASELE I-IV. ALBIS',1,461058),(461096,'SCOALA CU CLASELE I-IV. \"SZABO LAJOS\" ICAFALAU',1,461058),(461101,'SCOALA CU CLASELE I-VIII. \"GABOR ARON\" CHICHIS',1,461101),(461113,'SCOALA CU CLASELE I-VIII. BACEL',1,461101),(461125,'SCOALA CU CLASELE I-VIII. DOBARLAU',1,461125),(461137,'SCOALA CU CLASELE I-IV. LUNCA MARCUS',1,461125),(461149,'SCOALA CU CLASELE I-IV. MARCUS',1,461125),(461151,'SCOALA CU CLASELE I-IV. DOBARLAU VALE',1,461125),(461163,'SCOALA CU CLASELE I-VIII. \"JANCSO BENEDEK\" GHELINTA',1,461163),(461175,'SCOALA CU CLASELE I-IV. NR.2 GHELINTA',1,461163),(461187,'SCOALA CU CLASELE I-IV. HARALE',1,461163),(461199,'SCOALA CU CLASELE I-VIII. \"CZETZ JANOS\" GHIDFALAU',1,461199),(461204,'SCOALA CU CLASELE I-IV. \"FORRO ELEK\" ANGHELUS',1,461199),(461216,'SCOALA CU CLASELE I-IV. FOTOS',1,461199),(461228,'SCOALA CU CLASELE I-IV. \"BETHLEN KATA\" ZOLTAN',1,461199),(461230,'SCOALA CU CLASELE I-VIII. HAGHIG',1,461230),(461242,'SCOALA CU CLASELE I-IV. IARAS',1,461230),(461254,'SCOALA CU CLASELE I-VIII. \"LUKACS LASZLO\" ILIENI',1,461254),(461266,'SCOALA CU CLASELE I-IV. \"BODA POPOVICI\" DOBOLII DE JOS',1,461254),(461280,'SCOALA CU CLASELE I-VIII. \"BEM JOZSEF\" LEMNIA',1,461280),(461292,'SCOALA CU CLASELE I-IV. NR.2 LEMNIA',1,461280),(461307,'SCOALA CU CLASELE I-IV. LUTOASA',1,461319),(461319,'SCOALA CU CLASELE I-VIII. \"KELEMEN DIDAK\" MERENI',1,461319),(461321,'SCOALA CU CLASELE I-VIII. \"TOKES JOZSEF\" MALNAS SAT',1,461321),(461326,'SCOALA CU CLASELE I-VIII. NR.1 ZABALA',1,461326),(461333,'SCOALA CU CLASELE I-VIII. \"MIKES ARMIN\" BIXAD',1,461333),(461369,'SCOALA CU CLASELE I-IV. MALNAS BAI',1,461321),(461383,'SCOALA CU CLASELE I-VIII. \"FEJER AKOS\" MICFALAU',1,461383),(461400,'SCOALA CU CLASELE I-VIII. \"ORBAN BALAZS\" MOACSA',1,461400),(461424,'SCOALA CU CLASELE I-VIII. \"DARKO JENO\" DALNIC',1,461424),(461436,'SCOALA CU CLASELE I-IV. PADURENI',1,461400),(461448,'SCOALA CU CLASELE I-VIII. \"KUN KOCSARD\" OJDULA',1,461448),(461462,'SCOALA CU CLASELE I-IV. HILIB',1,461448),(461474,'SCOALA CU CLASELE I-VIII. \"TATRANGI SANDOR\" OZUN',1,461474),(461486,'SCOALA CU CLASELE I-IV. BICFALAU',1,461474),(461498,'SCOALA CU CLASELE I-IV. LISNAU',1,461474),(461515,'SCOALA CU CLASELE I-IV. LUNCA OZUN',1,461474),(461527,'SCOALA CU CLASELE I-IV. \"FODOR JANOS\" MAGHERUS',1,461474),(461539,'SCOALA CU CLASELE I-IV. \"BERDE MOZES\" SANTIONLUNCA',1,461474),(461541,'SCOALA CU CLASELE I-VIII. \"TREFAN LEONARD\" POIAN',1,461541),(461553,'SCOALA CU CLASELE I-IV. \"TUZSON JANOS\" BELANI',1,461541),(461577,'SCOALA CU CLASELE I-VIII. \"NAGY MOZES\" ESTELNIC',1,461577),(461589,'SCOALA CU CLASELE I-IV. VALEA SCURTA',1,461577),(461591,'SCOALA CU CLASELE I-VIII. \"ANTOS JANOS\" RECI',1,461591),(461606,'SCOALA CU CLASELE I-IV. \"ERDOSI SYLVESTER JANOS\" COMOLAU',1,461591),(461618,'SCOALA CU CLASELE I-IV. ANINOASA',1,461591),(461620,'SCOALA CU CLASELE I-IV. BITA',1,461591),(461632,'SCOALA CU CLASELE I-IV. SACIOVA',1,461591),(461644,'SCOALA CU CLASELE I-VIII. \"APOR ISTVAN\" SANZIENI',1,461644),(461656,'SCOALA CU CLASELE I-IV. CASINUL MIC',1,461644),(461668,'SCOALA CU CLASELE I-VIII. PETRICENI',1,461644),(461670,'SCOALA CU CLASELE I-VIII. \"OPRA BENEDEK\" VALEA SEACA',1,461644),(461682,'SCOALA CU CLASELE I-VIII. \"KICSI ANTAL\" TURIA',1,461682),(461694,'SCOALA CU CLASELE I-VIII. \"KARATNA\" TURIA',1,461682),(461709,'SCOALA CU CLASELE I-IV. NR.3 TURIA',1,461682),(461711,'SCOALA CU CLASELE I-IV. \"JOKAI MOR\" TURIA',1,461682),(461723,'SCOALA CU CLASELE I-IV. \"REMENYIK SANDOR\" ALUNGENI',1,461682),(461735,'SCOALA CU CLASELE I-VIII. \"KALNOKI LUDMILLA\" VALEA CRISULUI',1,461735),(461747,'SCOALA CU CLASELE I-VIII. \"DR.GELEI JOZSEF\" ARCUS',1,461747),(461759,'SCOALA CU CLASELE I-IV. \"BEDO ALBERT\" CALNIC',1,461735),(461761,'SCOALA CU CLASELE I-VIII. \"ROMULUS CIOFLEC\" ARACI',1,461761),(461773,'SCOALA CU CLASELE I-IV. ARIUSD',1,461761),(461785,'SCOALA CU CLASELE I-IV. HETEA',1,461761),(461797,'SCOALA CU CLASELE I-VIII. VALCELE',1,461761),(461814,'SCOALA CU CLASELE I-VIII. \"BORBATH KAROLY\" VARGHIS',1,461814),(461840,'SCOALA CU CLASELE I-IV. \"DEAK BELA\" ZABALA',1,461326),(461852,'SCOALA CU CLASELE I-IV. PETENI',1,461326),(461864,'SCOALA CU CLASELE I-IV. SURCEA',1,461326),(461876,'SCOALA CU CLASELE I-VIII. \"THURY GERGELY\" TAMASFALAU',1,461326),(461888,'SCOALA CU CLASELE I-VIII. \"MIKES KELEMEN\" ZAGON',1,461888),(461890,'SCOALA CU CLASELE I-VIII. PAPAUTI',1,461890),(461917,'LICEUL TEORETIC \"SZEKELY MIKO\" SFINTU GHEORGHE',1,461917),(461929,'LICEUL TEORETIC \"MIKES KELEMEN\" SFINTU GHEORGHE',1,461929),(461931,'GRUPUL SCOLAR \"BAROTI SZABO DAVID\" BARAOLT',1,461931),(461943,'GRUPUL SCOLAR \"KOROSI CSOMA SANDOR\" COVASNA',1,461943),(461955,'GRUPUL SCOLAR \"NICOLAE BALCESCU\" INTORSURA BUZAULUI',1,461955),(461967,'LICEUL TEORETIC \"NAGY MOZES\" TIRGU SECUIESC',1,461967),(461981,'PALATUL COPIILOR SI ELEVILOR SFINTU GHEORGHE',3,461981),(462002,'SCOALA SPECIALA OLTENI',2,462002),(831954,'GRUPUL SCOLAR \"APOR PETER\" TIRGU SECUIESC',1,831954),(844626,'GRUPUL SCOLAR AGRICOL SI INDUSTRIE ALIMENTARA \"GAMAN JANOS\" SFINTU GHEORGHE',1,1181370),(875039,'GRUPUL SCOLAR \"CONSTANTIN BRANCUSI\" SFINTU GHEORGHE',1,875039),(958116,'GRUPUL SCOLAR ECONOMIC - ADMINISTRATIV \"BERDE ARON\" SFINTU GHEORGHE',1,958116),(965963,'GRADINITA CU PROGRAM PRELUNGIT \"MANOCSKA\" TIRGU SECUIESC',1,965963),(988991,'GRADINITA CU PROGRAM NORMAL MICLOSOARA',1,359449),(989000,'GRADINITA CU PROGRAM NORMAL CRASNA',1,460664),(989036,'GRADINITA CU PROGRAM NORMAL PACHIA',1,460896),(989050,'GRADINITA CU PROGRAM NORMAL NR.1 PAPAUTI',1,461890),(989062,'SCOALA CU CLASELE I-IV. CHILIENI',1,1257026),(989086,'SCOALA CU CLASELE I-IV. SCRADOASA',1,1135773),(989098,'SCOALA CU CLASELE I-VIII. \"TUROCZI MOZES\" TIRGU SECUIESC',1,989098),(989103,'SCOALA CU CLASELE I-IV. NR.2 LET',1,460846),(1062445,'COLEGIUL NATIONAL \"MIHAI VITEAZUL\" SFINTU GHEORGHE',1,1062445),(1135711,'GRADINITA CU PROGRAM PRELUNGIT \"GULLIVER\" SFINTU GHEORGHE',1,1135711),(1135759,'GRADINITA CU PROGRAM NORMAL VALEA SCURTA',1,461577),(1135773,'SCOALA CU CLASELE I-VIII. \"MIHAIL SADOVEANU\" INTORSURA BUZAULUI',1,1135773),(1144566,'GRADINITA CU PROGRAM PRELUNGIT \"NAPSUGAR\" SFINTU GHEORGHE',1,1257026),(1157692,'GRADINITA CU PROGRAM PRELUNGIT NR.3 TIRGU SECUIESC',1,965963),(1161564,'SCOALA NORMALA \"BOD PETER\" TIRGU SECUIESC',1,1161564),(1181356,'GRUPUL SCOLAR \"KOS KAROLY\" SFINTU GHEORGHE',1,1181356),(1181368,'GRUPUL SCOLAR \"GABOR ARON\" TIRGU SECUIESC',1,1181368),(1181370,'GRUPUL SCOLAR \"PUSKAS TIVADAR\" SFINTU GHEORGHE',1,1181370),(1185948,'GRADINITA CU PROGRAM NORMAL NR.3 SFINTU GHEORGHE',1,458702),(1191337,'GRADINITA CU PROGRAM PRELUNGIT \"CSIPKEROZSIKA\" TIRGU SECUIESC',1,1191337),(1203051,'SCOALA SPECIALA SFINTU GHEORGHE',2,1203051),(1208221,'GRADINITA CU PROGRAM NORMAL FOTOS',1,461199),(1217806,'SCOALA CU CLASELE I-IV. \"ORBAN BALAZS\" COVASNA',1,461943),(1256204,'GRADINITA CU PROGRAM NORMAL HARALE',1,461163),(1256216,'GRADINITA CU PROGRAM NORMAL LUNCA MARCUS',1,461125),(1256993,'GRADINITA CU PROGRAM NORMAL NR.2 LET',1,460846),(1257026,'SCOALA CU CLASELE I-VIII. \"ADY ENDRE\" SFINTU GHEORGHE',1,1257026),(1262746,'GRADINITA CU PROGRAM NORMAL NR.2 OJDULA',1,461448),(1277088,'GRADINITA CU PROGRAM NORMAL NR.5 TIRGU SECUIESC',1,965963),(1313533,'SCOALA POSTLICEALA SANITARA SFINTU GHEORGHE',1,1181370),(2058037,'LICEUL TEORETIC \"MIRCEA ELIADE\" INTORSURA BUZAULUI',1,2058037),(3032846,'GRADINITA CU PROGRAM NORMAL SACIOVA',1,461591),(3032858,'GRADINITA CU PROGRAM NORMAL CASINUL MIC',1,461644),(3037779,'GRADINITA CU PROGRAM NORMAL \"NERI SZENT  FULOP\" SFINTU GHEORGHE',1,4241078),(3838101,'SCOALA CU CLASELE I-IV. \"GEORGE COSBUC\" ZAGON',1,461888),(4240115,'GRADINITA CU PROGRAM NORMAL PETENI',1,461326),(4241078,'SCOALA CU CLASELE I-VIII. \"NERI SZENT FULOP\" SFINTU GHEORGHE',1,4241078),(4241080,'SCOALA CU CLASELE I-VIII. \"NICOLAE COLAN\" SFINTU GHEORGHE',1,4241080),(4241688,'GRADINITA CU PROGRAM NORMAL VALEA ZALANULUI',1,461321),(4241690,'GRADINITA CU PROGRAM NORMAL DOBOLII DE SUS',1,460846),(4241705,'GRADINITA CU PROGRAM NORMAL TUFALAU',1,460846),(4242577,'LICEUL TEOLOGIC REFORMAT SFINTU GHEORGHE',1,4242577),(4243650,'LICEUL TEOLOGIC REFORMAT TIRGU SECUIESC',1,4243650),(4243791,'SCOALA CU CLASELE I-IV. VALEA ZALANULUI',1,461321),(14619811,'CLUBUL COPIILOR SI ELEVILOR TIRGU SECUIESC',3,461981),(14619812,'CLUBUL COPIILOR SI ELEVILOR COVASNA',3,461981),(14619813,'CLUBUL COPIILOR SI ELEVILOR INTORSURA BUZAULUI',3,461981),(14619814,'CLUBUL COPIILOR SI ELEVILOR BARAOLT',3,461981),(144612543,'GRADINITA CU PROGRAM NORMAL SANCRAIU',1,461254);
/*!40000 ALTER TABLE `unitate` ENABLE KEYS */;
UNLOCK TABLES;

--
-- Table structure for table `user`
--

DROP TABLE IF EXISTS `user`;
/*!40101 SET @saved_cs_client     = @@character_set_client */;
/*!40101 SET character_set_client = utf8 */;
CREATE TABLE `user` (
  `id` int(11) NOT NULL AUTO_INCREMENT,
  `username` varchar(128) COLLATE utf8_romanian_ci NOT NULL,
  `password` varchar(128) COLLATE utf8_romanian_ci NOT NULL,
  `unitate` int(11) NOT NULL,
  `tip_user` int(11) NOT NULL,
  PRIMARY KEY (`id`),
  KEY `fk_user_unitate1` (`unitate`),
  KEY `fk_user_tip_user1` (`tip_user`),
  CONSTRAINT `fk_user_tip_user1` FOREIGN KEY (`tip_user`) REFERENCES `tip_user` (`id`) ON DELETE NO ACTION ON UPDATE NO ACTION,
  CONSTRAINT `fk_user_unitate1` FOREIGN KEY (`unitate`) REFERENCES `unitate` (`sirues`) ON DELETE NO ACTION ON UPDATE NO ACTION
) ENGINE=InnoDB AUTO_INCREMENT=87 DEFAULT CHARSET=utf8 COLLATE=utf8_romanian_ci;
/*!40101 SET character_set_client = @saved_cs_client */;

--
-- Dumping data for table `user`
--

LOCK TABLES `user` WRITE;
/*!40000 ALTER TABLE `user` DISABLE KEYS */;
INSERT INTO `user` VALUES (1,'deimios','bdd080d9d6c3fb6e8f57f223202f5b16c968a0b6ee407ac328bba380318f1e041980721e7c7b5b6c8b735c9f3c1d5c61568ee086284bc403792c0ae2faa2b687',458659,1),(2,'8559','4eac11d6a3438e728ec880939c42da1cfb85557d6342e3328fd9a1916724496e68b954ccc2005504f5de5d16234b2dcafa2a7c482bdfbd57bec1cd8a54d5188f',8559,2),(3,'359449','49fd7b544f65e830e9eb1e5be192dcaccc1856fb32ee283a75fd20eb55ffff25fd91d185aa5d16d7cf96fdcbb2dcfc27e35cfbf14f60da1e9ebb8f1d9b7ca833',359449,2),(4,'458661','23ea0e0b85e46d097ff352a08a5b08888d09a22884b5d4e5ec73266766ddea919cb15acd1cb7539bbf1f7ca8df2ccd22cad38e465016c8b449e557e18b3f2b63',458661,2),(5,'458702','deb2a99dcf16d513d3d27b25680e5b5386abb69b948716a2d0259460ee1b56a09b476dabc515d8b47ef509e7b98a71a2966b06619a3760a6784c5ee6b4a64c0e',458702,2),(6,'458738','4d5c23b6cea289d2724019a3ef5340d7107bd4176cefc7e61358e6f880cd922b2c0f037ea989ae105a67872ff38403006a568c40b79aac33a92e904694424889',458738,2),(7,'458752','3dac5feb760f210e3ed497bef06d0d8bfd6094e9595e8cdcb67c013d0037953a9df4aa92d341d84c7b06c8f2b1e4a5d7aed2f59250e4af06197c2627c43bb275',458752,2),(8,'458776','c3face47be52c1ee1bbb8f107d015e0bf4ca865545fc296efa418a0c8f1335770608d84c511283fa93304f6fdcf9d317560668d9100d5945685df900f8637721',458776,2),(9,'458788','5c85bffa537ac32f0a390239bfe0aa07517b79256e3f52ce68b187ce7dcc4df5df9b4651bee78aea9f3a0747708e30a98c48582111f5ee851a441c50e61489b7',458788,2),(10,'458805','ff5fb482737e3833236f4f370197ebccbe38e6fa174ce8fb3b2439b693b5012d30a8a77d1d94289399106d781ee7059462ff328594ecbeecb0eb17cb3ee75da5',458805,2),(11,'460365','5760182e2998c6bb34c1146bc30c91d47539d08e16adcffed26d833fb46025ff8159e593506c08103e5e9774343cef1e135ff4f7515ecaebd99cfe3dcd69f77a',460365,2),(12,'460377','622891c191308fc754b8b8696228667cd04efd8660c638e329df8c774959af7d68d32cadef9340def7144180a5ba45c579e37f21fb333369ff95748861128936',460377,2),(13,'460420','853f62489ba7c449ecab976565fbb2ad51040cdc98c0adad42d1255cf08f5bd48c8fba7535f4fef6651e9f1f8179c1513eb6dc5cda604f3f97ee6ec27b6bee8c',460420,2),(14,'460494','86b48d0012735237c0e069f390685ad904092db31a4e50b5ceca58c585d95716bb06de7c70ca48248215273a7aa9a462136a79ce81095bf5b0797ae477533ca9',460494,2),(15,'460561','03a4818a2747fd89c2b5b798b8d3e8f570e11e854f261485ffe0895aabd3254bb079398366c91550b61615b5902ea1d8745a2185133ddf57e5b81fe0e696f49e',460561,2),(16,'460573','85beaf8ee480c9e1cffdff889f86dc347d4d00e3c5e0a3f8249873823ac35a3b1f07123e245e4e5855ca0c8f42e7d3317283d56022cd6a88d526bf872fcdd021',460573,2),(17,'460614','a04566a01d14f23debf88642dc852cc4ed7457a91d490fcc7feff92840e419866a5376ccf03af3ff1aa60e5471198e850e1ae8cc1774367aff5a76c83ec5dd0a',460614,2),(18,'460626','895c493ff7c8e76ece5e828ae2aa1c182cfc88e35fea88014c5b3cf0893c42653b21db54ab48c6266fdd47ea0a8f9e3227ff372d708b45c81dec784711dc0277',460626,2),(19,'460652','f2fd4a123c319dedee2270801cee189a66368ddbca7824e667a43ab4582fbcc8b670c94e52d22afadd9b493a3306df9db56be937a354cfad90ce759f34d49eb7',460652,2),(20,'460664','7870585de824fcd13de1be22dd026c1c37abb563771d45f278999c0b3383bed612d23e4f21210ecc005a78a8915b63ae5dbfc7371f0dfcf607d9ee78b8a46427',460664,2),(21,'460729','a4b86952897b94dff174bb06d9a4e76ecca00f6a29f48a44d546d320112c6b7d76185be8e1eab06bdf0ba315f5e63da9e0ba9e77f40082267247714397d86cfd',460729,2),(22,'460743','b7356db697b00f5733cc0f3ffa11e6f3ed27091b3cb129492bbc61ddf15ea90757bbcaeb4e70c49d970736e8d6d6a94bf169d9c438d2bf7daaa8a4fb82132ad8',460743,2),(23,'460779','7cf92e9dc949a0bbe601b78f15891ed9a745b48e86f1e50665eabf01170abfd6d797e7f1af1a68a8f814a39631467a433dc02d4dc9e6b3896c9da36ed8efd0fc',460779,2),(24,'460793','ead36861cc616d2f73997f0b7ba77dde97035334d7f1fd4620ccf1970fd5cba09e4aaafb2825d56062ed4e8279abf181e9dda1f9a0dacfce5330f39880363fdd',460793,2),(25,'460810','b5d8433d1c2fe7883c99e12b68910c02e89a2494b4f5be44c90a36394c7083f75d092515094eadc3a01578519db08ff218969711823399f36e401cc6611d1c71',460810,2),(26,'460846','21e14b2438a8026122713a2fbc9c123458184626f3e7a8a42817b513922d58ebd13934dfbf53745a774713cbb88f96c345a617dd7ee498a7eeef31e9e0cb37d4',460846,2),(27,'460896','69a0ec0cc14d5616a713547396aefc9d2994d776ba3561683eca0dd8aa8aa73601791fb426a16ecee91a7d0e2da65ffa86f1f79f2ec886479391768182ade112',460896,2),(28,'460925','4816ba84bcb2e5cbb90fdd75fa7d708745fb355729767b5b69377edeb332bd84319b59cc25365626b0e310430178f8429c6f03cef1c14f54c5250994781243d9',460925,2),(29,'460963','5aa02c99b7d0d72d3ae985f4fc4095f13f873b5f7bfeeddcb179595b04bb42cc8d1c2fb39b4857b67211e10a54bf462177f951502d9fe19c07ed927a561c8602',460963,2),(30,'460999','3438fd42c6186e27f5cf8dae263a756c52213e5a05a180faa3a5a090a50ef090aeed8a56c3fca05a0d5b8ae44ce8f110a5ad148723430671bfff521ae7c360ce',460999,2),(31,'461058','91b93e99cd9b93ea7e7f8f3f79d9f0d53305965ba0f94bd418654baae0bfab2de543c4eb77447a87718cef330abaec9704682a7686eef42b4200bad8da5348fe',461058,2),(32,'461101','e883f75433ae45adaac25d71f6e6ca62a533de370430ab379d244f8233d75aa4698dc8397c13a68a11877236cf3a928bbc48b186e5265dfc2ecce4787e726418',461101,2),(33,'461125','f2353ccd1ba9b5f1125ea974921f866ecba22bca4b7cdfd63d3e89293b5c4fa87d402f63aef3841b73b57325af29e507b4f4fc5697d72ad6dc0097dd30f94e13',461125,2),(34,'461163','fef022906a3dd476dfe2d8dedba7be8402415ff351b89b2dae57279b70318a35a098d443bd1b406b20cbdb174e2026ee99ea5e9e61c54a113691f4fce73e5ca5',461163,2),(35,'461199','3db07a681a187921a0949a605cd004e8fb1cdaf1ee5c73ae9c14532fdbeb2cfc6e91034046342f2fa4f8d45cb917e98d455bd4ffd4914b57ed62a71845167fb1',461199,2),(36,'461230','d2710a329d88b25c0c0e2895d6abdfbbc8944a103db23f3e7a004a1b3eb01fb441d5d2b9a7b10b5d3821f9f84241b3d654d6e1f2a853d3ca5057509ba738447b',461230,2),(37,'461254','40ab64cfe1be4e18530ba9b4358043c390e9205b168cf3eab3429679089458b0ed394054e76c33280707543ef62a67741a38ffe6076c01cd6b95fb587d4f880f',461254,2),(38,'461280','0b0ecdad0c7ba55dc8ead2a78b61193e931273bc949cbd55b0242221a26133ad26d8bedfe9171bd3e3913489bac1053b293d436fbeb5cf8203f1a9bf76fd801e',461280,2),(39,'461319','fa82804df1fa3ab7dd07e88d8124e055d31a19f716f408f07a716c49404da7e9909e7867ff6a11796d74235ad6c5785fc1c73ac3eb93599a471a1d52eb16f85a',461319,2),(40,'461321','1e4feb872d4804311a68c6b42cf63e55a9fb45ccc978b82aba29f36db35b746d620692bdd5e8e2226173561117da2593373350d2abde3a12782012c8977e91b3',461321,2),(41,'461326','90d4da2cf67751cbd4f18000f3c9faa7c88c470923ad2373594e4bc1f0774313f537a4c184d351de6fd780048bad5e70d1d79fe3e8648c9ac3a1f7243c1787f3',461326,2),(42,'461333','46af022f5e0fe49451dcdcaef5af97670f6fd43dc4c8f998afbff5398e5be11e5f5bb97a25cfcd301ced755174f909b2d5325b1042e794324a9f8a2992beb7e1',461333,2),(43,'461383','ef588f0436ef648280f87074e263597d746be102b21b3c6fac3526a1e28f6cca11105b7f2c158e42a2f87f5606b473151da885c0b45d60ed72d5adfb6b3c8c56',461383,2),(44,'461400','7d5546646e4d6b4220311e62fdf38aab71d44c3e0cee115accf065c675ee71c24f3156c4373fb0d3373e9f36871380030f98d877936b93591b9dc74036e097bf',461400,2),(45,'461424','04266b33e1ba1f897544ea94fa3c59173881b52223b7963792afe2ef16a7ae452a4762c816a2995331e12d891bb7177a5beca93fe6756f052372acef892e980a',461424,2),(46,'461448','c49a262fc4471a3a71bdc31e5b1f319e4568b77342f270045c86d04ca1908222270de47470d6019de04dda23ef2079c6a97e032d42c9125f54e55b36a3045c14',461448,2),(47,'461474','c24732d9c545c3908910fffc85bdb3312eb1e9b55aa5cedd8bbe278a227c49d1fb89d83c132ade774017494bbce549617e6f6e59f21ea42445a8471e70c8c74a',461474,2),(48,'461541','431c1aee5641e80a629d2be0ec7ee96eae558c231a960984be184159db30fafd7a529abebc8e71088f7057389ecf2fd710dcc8c51d5715c45560ab486605043c',461541,2),(49,'461577','28bc1f574e10b8aa098bceb605eae2ffddc916f4612937143b8b5997f0828d36b23790cc6d270a11492412ab9e10307ed73707a5bcabaf210df1d1a3bb2a145d',461577,2),(50,'461591','a85d2af655b7454fa2660a0ac8737adeb3819c45872e3124c14e3cc5525de91959c0f35918c0206448e929944bc25681ebad0aabf99827569143f3fc5f229647',461591,2),(51,'461644','2bff98c3650854b8dfbf7adc0db2462926ebbaf646fb6b59689fa3b9501a46d41adf839c43f166ace41a07c17ed3f66d3fb0e53e77d5fd6f291f163b4666dbcc',461644,2),(52,'461682','f1875b0386ebeaef2b45d374e1dd5f96561c62d92f32a29bd6c08165f9c4bc4b033ffac1098fab7c4616bfc02fd9a6c67fe15fee052cb43692a0dfa92745e84f',461682,2),(53,'461735','7ea9511b43cda126bcd55b03b600ef768edccf5d1c10bff187d5f0141ab402838d9e692a893197d5a00160795e2b53053359c651efa4a8f9b37c16e0f9af6fe6',461735,2),(54,'461747','363ecc3ae9e05a72e1cdea32c2502283faae7cbf9ce5dd2a9946b88e19fa19fee729128fabfb312a604e22b86492a024cf59a3a5e299732cd4cc847eac6a9b12',461747,2),(55,'461761','d444d55e4ca786fa95559a830aca35b40983d4b2eff0d31d6cf048505d8b42c5c181439c5dfe9e2b30362dd5fec96cecefb6c8108111fda43db00ff96449c81d',461761,2),(56,'461814','293ba33b439014388a9fb1e2e0c8e18bef2c987b78196f797a3e5b92852e6dd61111986b8561892b9bb22d87e142a7e905b1a529291fff615c0b62cc77d4527d',461814,2),(57,'461888','e9ada65390888e334be50f9f778ead070a244355238e13f32ebc0371e8ad2e098965bddc439ba539be9c6fb61b443275f82dfdd170da31551fc8430f0e053856',461888,2),(58,'461890','d27a2f2ad6ac15ec5a2f7f25274ddad3d015ab54f0f6ec3fb7481fc5a66c57d01e2f1f4a89a16e734c405be22ec9450368a44eee81b130cb90053909c982cb12',461890,2),(59,'461917','f26f2db3f479fe04e74c456c78dc6fd9f99ce3b5dde4960e70e033b716231f93ae819380cd99cd4bf12922ecf60e5d5e16bd9e64c1481d1f9b834988cc7beae0',461917,2),(60,'461929','4c8205ab69de079eaee8163e5fe03dc9121402f9056ee1701d4937ef74ae54e6831fc0598ca9209c391ac51c07fea0dc0aa61c0d91921c9c38a5d4c589069fad',461929,2),(61,'461931','b0ade225e192d39a83898b79fc9c5db9e25cf18185dba86cd6225534ab66e58a94d83f25cfb974aa9f25d907be874cf19ee5bb07c08ee1dc0c4244f1cd3e6592',461931,2),(62,'461943','627ca30973042a0dd3d42599f9c809455a1feaff1bf7be7a1136dee9a88bce407a94c3efd86bbf90092d5cf2c77961071ab291305f2bb50dc96b8e314b301a04',461943,2),(63,'461955','c0017e215810cb84f6b6a285ff7726dde41a153a0352e5c37f707c98a05c7bc97ba30b4006310423f3c1a71179864824b376bd4ee69501bdb4b3bdf8382417df',461955,2),(64,'461967','0cbea16f7ddeb220c244221f0b0a4caba8748d899c81de98abfe303719c1d44ee9dc22cdc3ca67ccd11455e970b1fb639c6eee93e05b3cb88e8b147d58b4bb2e',461967,2),(65,'461981','8677923921da498a10af028a8208ab43614cf24c870f1cdc724c69cf2379b643614d62b1b552d26d9af617e7d93afe3549a61d78dd889f2a8c48f616431b81de',461981,2),(66,'462002','16828040a9536d2bbc35fa7077c29e3b37e9e332396432c175c81aad1d041b6035a1f3f506193072f61965a4537cecadfb84b7475bb5f544471c724a78f1b20a',462002,2),(67,'831954','311bdaa491860e625eac502fd0b158657f25a51232aa6e2d7ca42ef134e2588cb5c95941eaa3f9a9881548b95985e1ae0b417f89f4e6f104ac71c3acaf68d524',831954,2),(68,'875039','2d2ff5fd3c163d9c7339d12663713b48058058ef06f18e58024f3f69eccdcc11ff269dceab22c791ede904400c44c874a7f1b31cab7be982825ee9dbae4e9ad6',875039,2),(69,'958116','cf39a24d0806da5bd7138b6b590d4099c6b4c42e35574c5044a3c05a09218764702d2ca6cb31c4cac80d53c2a8fdb914096d6ee57dc413236e5846768482ffb6',958116,2),(70,'965963','06c53887a5c49b71c6a11505a3913cc69f8007eccaf6a57bb8c3672a8863bd0d330ba7984d256607c7cf1cda61e4b25801e7754d7dec9772137075f075152b03',965963,2),(71,'989098','cdcc1f19efffbc98ff0a77ee4a8a2b30c82513ee56429b7b9726ab6484dd77faa30e5351063e0a7ae2b453bb9e2d5a0532809454ff83f7bc8d5a6054ca90c443',989098,2),(72,'1062445','859f11f6a71a430b266f274798d9b6edc1d2870de97b48f773faf4e31008b31777ded1f3846d552f535ceb02c9db8aa577771ee7b98c0b9270b11006b45e3552',1062445,2),(73,'1135711','ce8209ea1a6d07abff1429644989f3667e317928569cbb7d1270210be5cd1e51dbb0bb7468f1bb9e88d80c819ee6cb4cae69ef29d9e4c054aeefade9b73132ce',1135711,2),(74,'1135773','d5d5cede74b530aab20bd711ae4d8e4ec10111ad008c5ff7388d0a77e947d12c6524c307b85abc5f4b4d1b90bfc53aa6770487a290244a91c4c19529882ef25f',1135773,2),(75,'1161564','2885c26c530b47e119e2e6eba5a87e98b2141e634d6b7e46d50219a79b00d9f6b19fc61aeff0dd9b717250695b68d2677897bbdf41f0ef3c525ca2cfdac7b624',1161564,2),(76,'1181356','fde5aaca23871f8c3f6cb90e80ae0f6b7ba770799f6bc9da58331efe69908b8971daace9e8aad89a7984a4e6af2cb6131d56d08e7a77e9691d31abc629cb6d78',1181356,2),(77,'1181368','c94ec6d161d04a1c47acd12896e1064257942e2a8dcbed96c1daee16c458d20a6d39c021b611ba7fa2cf3031f31377b82b7923c963be689154092a0250a7188e',1181368,2),(78,'1181370','febe089daf7d31632877c5256c5217a8cec973cbbbbcc5517eca002615d1852890b2ea8d8b866d96de6c096ca676a12d51dea6f69d8d53df0f5720ea19da4140',1181370,2),(79,'1191337','3da89776a89feda5b0641111b527e77945c164c8a4b2e1ba25de7644840fbb9fcde52ec21b28b5fead84f6c6e98c1c0d4c4c1600cf5649450c1f46ad72b86902',1191337,2),(80,'1203051','de646f06019f18c4bd0363ff6c00e48564b75158363e0f6b01743fe2c7dcd5b2052a870d279a7b726585d9c3ef1a265f87f27996cfb938a909b8534994198ed5',1203051,2),(81,'1257026','818af35927d2a8777c429b49f63c4bec315e396df6f346e74de2c83b34af0824e7682056522d431c560463d770e6de80aad9a357477bb65ba16a78b2ba9f69e2',1257026,2),(82,'2058037','222e4a6730f8d06589c581eaaad901d69435bc81fc1728936f189822587521402edd6cbb63fd75f6ca1237dc457d55e711e7d2b74ba46b9c4eebff8d5f78cba5',2058037,2),(83,'4241078','d02be9c3442bba03cb44764726ff640b513fe2dc507d13edbc266af14d4b55768a7b4f6710e6203ee7e0970ccb66357a1c5e3c4a81ca870d59970d4930fc7902',4241078,2),(84,'4241080','827c2e95f637fa6c70d913903458dd5f29e0db7ac9c17c131e1f08745b61928a188962a512c8a931870a4f803b58427f5dde50e7e354cc0fcd6e6cffdad1ff84',4241080,2),(85,'4242577','705a09b85bbf913c960ba04276b09c14de74c82947276b07cec926bfc44a89d73a90d010596c93bfd3dbe6cfaa6e923bb8646b01427b79c6cc1d7cf0c7931b97',4242577,2),(86,'4243650','7bc82debaf206e8010b2244ef03276d52e1e76492de268f7a83b96e63f6f6e64e3b1f893d37982079759fc937d1424025fdcbb868203c9ff76de6806655177f1',4243650,2);
/*!40000 ALTER TABLE `user` ENABLE KEYS */;
UNLOCK TABLES;
/*!40103 SET TIME_ZONE=@OLD_TIME_ZONE */;

/*!40101 SET SQL_MODE=@OLD_SQL_MODE */;
/*!40014 SET FOREIGN_KEY_CHECKS=@OLD_FOREIGN_KEY_CHECKS */;
/*!40014 SET UNIQUE_CHECKS=@OLD_UNIQUE_CHECKS */;
/*!40101 SET CHARACTER_SET_CLIENT=@OLD_CHARACTER_SET_CLIENT */;
/*!40101 SET CHARACTER_SET_RESULTS=@OLD_CHARACTER_SET_RESULTS */;
/*!40101 SET COLLATION_CONNECTION=@OLD_COLLATION_CONNECTION */;
/*!40111 SET SQL_NOTES=@OLD_SQL_NOTES */;

-- Dump completed on 2012-06-14  9:09:49
