SET foreign_key_checks = 0;
INSERT INTO unitate(sirues,nume,tip_unitate,superior) VALUES(458661,'CASA CORPULUI DIDACTIC SFINTU GHEORGHE',3,458661),(14619814,'CLUBUL COPIILOR SI ELEVILOR BARAOLT',3,461981),(14619812,'CLUBUL COPIILOR SI ELEVILOR COVASNA',3,461981),(14619813,'CLUBUL COPIILOR SI ELEVILOR INTORSURA BUZAULUI',3,461981),(14619811,'CLUBUL COPIILOR SI ELEVILOR TIRGU SECUIESC',3,461981),(8559,'CLUBUL SPORTIV SCOLAR SFANTU GHEORGHE',3,8559),(1062445,'COLEGIUL NATIONAL "MIHAI VITEAZUL" SFINTU GHEORGHE',1,1062445),(459859,'GRADINITA CU PROGRAM NORMAL "ABRAHAM ARPAD" BIXAD',1,461333),(459108,'GRADINITA CU PROGRAM NORMAL "BENEDEK ELEK" TG.SECUIESC',1,1191337),(459512,'GRADINITA CU PROGRAM NORMAL "BOBITA" CATALINA',1,460999),(391796,'GRADINITA CU PROGRAM NORMAL "CENUSAREASA" SFINTU GHEORGHE',1,4241080),(460171,'GRADINITA CU PROGRAM NORMAL "GARDONYI GEZA" TURIA',1,461682),(459938,'GRADINITA CU PROGRAM NORMAL "HANGYABOLY" OJDULA',1,461448),(460286,'GRADINITA CU PROGRAM NORMAL "ION CREANGA" ZAGON',1,461888),(460016,'GRADINITA CU PROGRAM NORMAL "NAPOCSKA" POIAN',1,461541),(3037779,'GRADINITA CU PROGRAM NORMAL "NERI SZENT  FULOP" SFINTU GHEORGHE',1,4241078),(459483,'GRADINITA CU PROGRAM NORMAL "PINOCCHIO" BRETCU',1,460963),(460054,'GRADINITA CU PROGRAM NORMAL "RADAK KATA" RECI',1,461591),(460274,'GRADINITA CU PROGRAM NORMAL "SZABO KATI" ZAGON',1,461888),(459902,'GRADINITA CU PROGRAM NORMAL "TELEKI ZSIGMOND" MOACSA',1,461400),(458843,'GRADINITA CU PROGRAM NORMAL "TEMESVARI JANOS" OZUN',1,461474),(459392,'GRADINITA CU PROGRAM NORMAL "TOMPA KLARA" BOROSNEU MIC',1,460846),(459885,'GRADINITA CU PROGRAM NORMAL "TORPIKE" MICFALAU',1,461383),(459275,'GRADINITA CU PROGRAM NORMAL AITA MARE',1,460729),(459287,'GRADINITA CU PROGRAM NORMAL AITA MEDIE',1,460729),(459316,'GRADINITA CU PROGRAM NORMAL AITA SEACA',1,460743),(459598,'GRADINITA CU PROGRAM NORMAL ALBIS',1,461058),(460183,'GRADINITA CU PROGRAM NORMAL ALUNGENI',1,461682),(459718,'GRADINITA CU PROGRAM NORMAL ANGHELUS',1,461199),(460078,'GRADINITA CU PROGRAM NORMAL ANINOASA',1,461591),(460224,'GRADINITA CU PROGRAM NORMAL ARACI',1,461761),(460200,'GRADINITA CU PROGRAM NORMAL ARCUS',1,461747),(460236,'GRADINITA CU PROGRAM NORMAL ARIUSD',1,461761),(459627,'GRADINITA CU PROGRAM NORMAL BACEL',1,461101),(459196,'GRADINITA CU PROGRAM NORMAL BARCANI',1,460626),(459299,'GRADINITA CU PROGRAM NORMAL BATANII MARI',1,460743),(459304,'GRADINITA CU PROGRAM NORMAL BATANII MICI',1,460743),(460028,'GRADINITA CU PROGRAM NORMAL BELANI',1,461541),(459330,'GRADINITA CU PROGRAM NORMAL BELIN',1,460793),(459342,'GRADINITA CU PROGRAM NORMAL BELIN VALE',1,460793),(458960,'GRADINITA CU PROGRAM NORMAL BIBORTENI',1,359449),(459976,'GRADINITA CU PROGRAM NORMAL BICFALAU',1,461474),(460080,'GRADINITA CU PROGRAM NORMAL BITA',1,461591),(459354,'GRADINITA CU PROGRAM NORMAL BODOC',1,460810),(458972,'GRADINITA CU PROGRAM NORMAL BODOS',1,359449),(459380,'GRADINITA CU PROGRAM NORMAL BOROSNEU MARE',1,460846),(459079,'GRADINITA CU PROGRAM NORMAL BRADET',1,1135773),(459445,'GRADINITA CU PROGRAM NORMAL BRADUT',1,460925),(459421,'GRADINITA CU PROGRAM NORMAL BRATES',1,460896),(460212,'GRADINITA CU PROGRAM NORMAL CALNIC',1,461735),(458984,'GRADINITA CU PROGRAM NORMAL CAPENI',1,359449),(3032858,'GRADINITA CU PROGRAM NORMAL CASINUL MIC',1,461644),(459615,'GRADINITA CU PROGRAM NORMAL CHICHIS',1,461101),(458934,'GRADINITA CU PROGRAM NORMAL CHILIENI',1,1257026),(459055,'GRADINITA CU PROGRAM NORMAL CHIURUS',1,461943),(459249,'GRADINITA CU PROGRAM NORMAL CIUMERNIC',1,460664),(459184,'GRADINITA CU PROGRAM NORMAL COMANDAU',1,460614),(460066,'GRADINITA CU PROGRAM NORMAL COMOLAU',1,461591),(458946,'GRADINITA CU PROGRAM NORMAL COSENI',1,1257026),(989000,'GRADINITA CU PROGRAM NORMAL CRASNA',1,460664),(459914,'GRADINITA CU PROGRAM NORMAL DALNIC',1,461424),(375431,'GRADINITA CU PROGRAM NORMAL DOBARLAU',1,461125),(459639,'GRADINITA CU PROGRAM NORMAL DOBARLAU VALE',1,461125),(459770,'GRADINITA CU PROGRAM NORMAL DOBOLII DE JOS',1,461254),(4241690,'GRADINITA CU PROGRAM NORMAL DOBOLII DE SUS',1,460846),(459457,'GRADINITA CU PROGRAM NORMAL DOBOSENI',1,460925),(460030,'GRADINITA CU PROGRAM NORMAL ESTELNIC',1,461577),(459469,'GRADINITA CU PROGRAM NORMAL FILIA',1,460925),(459081,'GRADINITA CU PROGRAM NORMAL FLOROAIA MARE',1,1135773),(459093,'GRADINITA CU PROGRAM NORMAL FLOROAIA MICA',1,1135773),(1208221,'GRADINITA CU PROGRAM NORMAL FOTOS',1,461199),(459706,'GRADINITA CU PROGRAM NORMAL GHIDFALAU',1,461199),(459744,'GRADINITA CU PROGRAM NORMAL HAGHIG',1,461230),(1256204,'GRADINITA CU PROGRAM NORMAL HARALE',1,461163),(459524,'GRADINITA CU PROGRAM NORMAL HATUICA',1,460999),(459328,'GRADINITA CU PROGRAM NORMAL HERCULIANI',1,460779),(459952,'GRADINITA CU PROGRAM NORMAL HILIB',1,461448),(458673,'GRADINITA CU PROGRAM NORMAL I.A.S. SFINTU GHEORGHE',1,1257026),(459756,'GRADINITA CU PROGRAM NORMAL IARAS',1,461230),(375376,'GRADINITA CU PROGRAM NORMAL ICAFALAU',1,461058),(459768,'GRADINITA CU PROGRAM NORMAL ILIENI',1,461254),(459536,'GRADINITA CU PROGRAM NORMAL IMENI',1,460999),(459201,'GRADINITA CU PROGRAM NORMAL LADAUTI',1,460626),(459988,'GRADINITA CU PROGRAM NORMAL LISNAU',1,461474),(1256216,'GRADINITA CU PROGRAM NORMAL LUNCA MARCUS',1,461125),(459158,'GRADINITA CU PROGRAM NORMAL LUNGA',1,989098),(459811,'GRADINITA CU PROGRAM NORMAL LUTOASA',1,461319),(459873,'GRADINITA CU PROGRAM NORMAL MALNAS BAI',1,461321),(459835,'GRADINITA CU PROGRAM NORMAL MALNAS SAT',1,461321),(459641,'GRADINITA CU PROGRAM NORMAL MARCUS',1,461125),(459548,'GRADINITA CU PROGRAM NORMAL MARCUSA',1,460999),(459495,'GRADINITA CU PROGRAM NORMAL MARTANUS',1,460963),(459550,'GRADINITA CU PROGRAM NORMAL MARTINENI',1,460999),(459823,'GRADINITA CU PROGRAM NORMAL MERENI',1,461319),(988991,'GRADINITA CU PROGRAM NORMAL MICLOSOARA',1,359449),(458958,'GRADINITA CU PROGRAM NORMAL NR.1 BARAOLT',1,458776),(459562,'GRADINITA CU PROGRAM NORMAL NR.1 CERNAT',1,461058),(459017,'GRADINITA CU PROGRAM NORMAL NR.1 COVASNA',1,458788),(459067,'GRADINITA CU PROGRAM NORMAL NR.1 INTORSURA BUZAULUI',1,458805),(459794,'GRADINITA CU PROGRAM NORMAL NR.1 LEMNIA',1,461280),(459419,'GRADINITA CU PROGRAM NORMAL NR.1 LET',1,460846),(989050,'GRADINITA CU PROGRAM NORMAL NR.1 PAPAUTI',1,461890),(459237,'GRADINITA CU PROGRAM NORMAL NR.1 SITA BUZAULUI',1,460664),(460145,'GRADINITA CU PROGRAM NORMAL NR.1 TURIA',1,461682),(460315,'GRADINITA CU PROGRAM NORMAL NR.1 ZABALA',1,461326),(459574,'GRADINITA CU PROGRAM NORMAL NR.2 CERNAT',1,461058),(459029,'GRADINITA CU PROGRAM NORMAL NR.2 COVASNA',1,458788),(459809,'GRADINITA CU PROGRAM NORMAL NR.2 LEMNIA',1,461280),(1256993,'GRADINITA CU PROGRAM NORMAL NR.2 LET',1,460846),(1262746,'GRADINITA CU PROGRAM NORMAL NR.2 OJDULA',1,461448),(460303,'GRADINITA CU PROGRAM NORMAL NR.2 PAPAUTI',1,461890),(459110,'GRADINITA CU PROGRAM NORMAL NR.2 TIRGU SECUIESC',1,1191337),(460157,'GRADINITA CU PROGRAM NORMAL NR.2 TURIA',1,461682),(460327,'GRADINITA CU PROGRAM NORMAL NR.2 ZABALA',1,461326),(459586,'GRADINITA CU PROGRAM NORMAL NR.3 CERNAT',1,461058),(459689,'GRADINITA CU PROGRAM NORMAL NR.3 GHELINTA',1,461163),(1185948,'GRADINITA CU PROGRAM NORMAL NR.3 SFINTU GHEORGHE',1,458702),(459251,'GRADINITA CU PROGRAM NORMAL NR.3 SITA BUZAULUI - BOBOCEA',1,460664),(459122,'GRADINITA CU PROGRAM NORMAL NR.3 TIRGU SECUIESC',1,965963),(460169,'GRADINITA CU PROGRAM NORMAL NR.3 TURIA',1,461682),(460339,'GRADINITA CU PROGRAM NORMAL NR.3 ZABALA',1,461326),(459043,'GRADINITA CU PROGRAM NORMAL NR.4 COVASNA',1,460494),(458893,'GRADINITA CU PROGRAM NORMAL NR.5 SFINTU GHEORGHE',1,1135711),(1277088,'GRADINITA CU PROGRAM NORMAL NR.5 TIRGU SECUIESC',1,965963),(458908,'GRADINITA CU PROGRAM NORMAL NR.6 SFINTU GHEORGHE',1,1257026),(458910,'GRADINITA CU PROGRAM NORMAL NR.7 SFINTU GHEORGHE',1,458752),(459500,'GRADINITA CU PROGRAM NORMAL OITUZ',1,460963),(459366,'GRADINITA CU PROGRAM NORMAL OLTENI',1,460810),(989036,'GRADINITA CU PROGRAM NORMAL PACHIA',1,460896),(459926,'GRADINITA CU PROGRAM NORMAL PADURENI',1,461400),(4240115,'GRADINITA CU PROGRAM NORMAL PETENI',1,461326),(460121,'GRADINITA CU PROGRAM NORMAL PETRICENI',1,461644),(459005,'GRADINITA CU PROGRAM NORMAL RACOSUL DE SUS',1,359449),(3032846,'GRADINITA CU PROGRAM NORMAL SACIOVA',1,461591),(144612543,'GRADINITA CU PROGRAM NORMAL SANCRAIU',1,461254),(460004,'GRADINITA CU PROGRAM NORMAL SANTIONLUNCA',1,461474),(460107,'GRADINITA CU PROGRAM NORMAL SANZIENI',1,461644),(459213,'GRADINITA CU PROGRAM NORMAL SARAMAS',1,460626),(460353,'GRADINITA CU PROGRAM NORMAL SURCEA',1,461326),(459471,'GRADINITA CU PROGRAM NORMAL TALISOARA',1,460925),(460341,'GRADINITA CU PROGRAM NORMAL TAMASFALAU',1,461326),(459433,'GRADINITA CU PROGRAM NORMAL TELECHIA',1,460896),(459172,'GRADINITA CU PROGRAM NORMAL TINOASA',1,989098),(4241705,'GRADINITA CU PROGRAM NORMAL TUFALAU',1,460846),(460250,'GRADINITA CU PROGRAM NORMAL VALCELE',1,461761),(460195,'GRADINITA CU PROGRAM NORMAL VALEA CRISULUI',1,461735),(459225,'GRADINITA CU PROGRAM NORMAL VALEA MARE',1,460652),(1135759,'GRADINITA CU PROGRAM NORMAL VALEA SCURTA',1,461577),(460133,'GRADINITA CU PROGRAM NORMAL VALEA SEACA',1,461644),(4241688,'GRADINITA CU PROGRAM NORMAL VALEA ZALANULUI',1,461321),(460262,'GRADINITA CU PROGRAM NORMAL VARGHIS',1,461814),(459263,'GRADINITA CU PROGRAM NORMAL ZABRATAU',1,460664),(459378,'GRADINITA CU PROGRAM NORMAL ZALAN',1,460810),(459732,'GRADINITA CU PROGRAM NORMAL ZOLTAN',1,461199),(458764,'GRADINITA CU PROGRAM PRELUNGIT "ARVACSKA" SFINTU GHEORGHE',1,460420),(458702,'GRADINITA CU PROGRAM PRELUNGIT "BENEDEK ELEK" SFINTU GHEORGHE',1,458702),(458776,'GRADINITA CU PROGRAM PRELUNGIT "CIMBORA" BARAOLT',1,458776),(458738,'GRADINITA CU PROGRAM PRELUNGIT "CSIPIKE" SFINTU GHEORGHE',1,458738),(1191337,'GRADINITA CU PROGRAM PRELUNGIT "CSIPKEROZSIKA" TIRGU SECUIESC',1,1191337),(1135711,'GRADINITA CU PROGRAM PRELUNGIT "GULLIVER" SFINTU GHEORGHE',1,1135711),(458752,'GRADINITA CU PROGRAM PRELUNGIT "HOFERHERKE" SFINTU GHEORGHE',1,458752),(458726,'GRADINITA CU PROGRAM PRELUNGIT "KOROSI CSOMA SANDOR" SFINTU GHEORGHE',1,460420),(965963,'GRADINITA CU PROGRAM PRELUNGIT "MANOCSKA" TIRGU SECUIESC',1,965963),(1144566,'GRADINITA CU PROGRAM PRELUNGIT "NAPSUGAR" SFINTU GHEORGHE',1,1257026),(374671,'GRADINITA CU PROGRAM PRELUNGIT "PINOCCHIO" SFINTU GHEORGHE',1,4241080),(458817,'GRADINITA CU PROGRAM PRELUNGIT "VACKOR" TIRGU SECUIESC',1,1191337),(458829,'GRADINITA CU PROGRAM PRELUNGIT BRETCU',1,460963),(458831,'GRADINITA CU PROGRAM PRELUNGIT GHELINTA',1,461163),(458805,'GRADINITA CU PROGRAM PRELUNGIT INTORSURA BUZAULUI',1,458805),(458788,'GRADINITA CU PROGRAM PRELUNGIT NR.1 COVASNA',1,458788),(458790,'GRADINITA CU PROGRAM PRELUNGIT NR.2 COVASNA',1,460494),(1157692,'GRADINITA CU PROGRAM PRELUNGIT NR.3 TIRGU SECUIESC',1,965963),(831954,'GRUPUL SCOLAR "APOR PETER" TIRGU SECUIESC',1,831954),(461931,'GRUPUL SCOLAR "BAROTI SZABO DAVID" BARAOLT',1,461931),(875039,'GRUPUL SCOLAR "CONSTANTIN BRANCUSI" SFINTU GHEORGHE',1,875039),(1181368,'GRUPUL SCOLAR "GABOR ARON" TIRGU SECUIESC',1,1181368),(461943,'GRUPUL SCOLAR "KOROSI CSOMA SANDOR" COVASNA',1,461943),(1181356,'GRUPUL SCOLAR "KOS KAROLY" SFINTU GHEORGHE',1,1181356),(461955,'GRUPUL SCOLAR "NICOLAE BALCESCU" INTORSURA BUZAULUI',1,461955),(1181370,'GRUPUL SCOLAR "PUSKAS TIVADAR" SFINTU GHEORGHE',1,1181370),(844626,'GRUPUL SCOLAR AGRICOL SI INDUSTRIE ALIMENTARA "GAMAN JANOS" SFINTU GHEORGHE',1,1181370),(958116,'GRUPUL SCOLAR ECONOMIC - ADMINISTRATIV "BERDE ARON" SFINTU GHEORGHE',1,958116),(458659,'INSPECTORATUL SCOLAR JUDETEAN COVASNA',4,458659),(460365,'LICEUL DE ARTA "PLUGOR SANDOR" SFINTU GHEORGHE',1,460365),(4242577,'LICEUL TEOLOGIC REFORMAT SFINTU GHEORGHE',1,4242577),(4243650,'LICEUL TEOLOGIC REFORMAT TIRGU SECUIESC',1,4243650),(461929,'LICEUL TEORETIC "MIKES KELEMEN" SFINTU GHEORGHE',1,461929),(2058037,'LICEUL TEORETIC "MIRCEA ELIADE" INTORSURA BUZAULUI',1,2058037),(461967,'LICEUL TEORETIC "NAGY MOZES" TIRGU SECUIESC',1,461967),(461917,'LICEUL TEORETIC "SZEKELY MIKO" SFINTU GHEORGHE',1,461917),(461981,'PALATUL COPIILOR SI ELEVILOR SFINTU GHEORGHE',3,461981),(461022,'SCOALA CU CLASELE I-IV. "BARABAS MIKLOS" MARCUSA',1,460999),(460432,'SCOALA CU CLASELE I-IV. "BARTALIS FERENC" BIBORTENI',1,359449),(461759,'SCOALA CU CLASELE I-IV. "BEDO ALBERT" CALNIC',1,461735),(461539,'SCOALA CU CLASELE I-IV. "BERDE MOZES" SANTIONLUNCA',1,461474),(461228,'SCOALA CU CLASELE I-IV. "BETHLEN KATA" ZOLTAN',1,461199),(461266,'SCOALA CU CLASELE I-IV. "BODA POPOVICI" DOBOLII DE JOS',1,461254),(460444,'SCOALA CU CLASELE I-IV. "BUDAI JOZSEF" BODOS',1,359449),(460834,'SCOALA CU CLASELE I-IV. "DAVID JOZSEF" ZALAN',1,460810),(461840,'SCOALA CU CLASELE I-IV. "DEAK BELA" ZABALA',1,461326),(461606,'SCOALA CU CLASELE I-IV. "ERDOSI SYLVESTER JANOS" COMOLAU',1,461591),(461527,'SCOALA CU CLASELE I-IV. "FODOR JANOS" MAGHERUS',1,461474),(461204,'SCOALA CU CLASELE I-IV. "FORRO ELEK" ANGHELUS',1,461199),(3838101,'SCOALA CU CLASELE I-IV. "GEORGE COSBUC" ZAGON',1,461888),(460913,'SCOALA CU CLASELE I-IV. "HORVATH KAROLY" TELECHIA',1,460896),(460585,'SCOALA CU CLASELE I-IV. "JAKABOS ODON" LUNGA',1,989098),(461711,'SCOALA CU CLASELE I-IV. "JOKAI MOR" TURIA',1,461682),(460822,'SCOALA CU CLASELE I-IV. "MAKKAI SANDOR" OLTENI',1,460810),(460858,'SCOALA CU CLASELE I-IV. "NAGY KAROLY" BOROSNEU MIC',1,460846),(1217806,'SCOALA CU CLASELE I-IV. "ORBAN BALAZS" COVASNA',1,461943),(461723,'SCOALA CU CLASELE I-IV. "REMENYIK SANDOR" ALUNGENI',1,461682),(461096,'SCOALA CU CLASELE I-IV. "SZABO LAJOS" ICAFALAU',1,461058),(461553,'SCOALA CU CLASELE I-IV. "TUZSON JANOS" BELANI',1,461541),(460901,'SCOALA CU CLASELE I-IV. "VIDA ANDRAS"  PACHIA',1,460896),(461084,'SCOALA CU CLASELE I-IV. ALBIS',1,461058),(461618,'SCOALA CU CLASELE I-IV. ANINOASA',1,461591),(461773,'SCOALA CU CLASELE I-IV. ARIUSD',1,461761),(460767,'SCOALA CU CLASELE I-IV. BATANII MICI',1,460743),(460808,'SCOALA CU CLASELE I-IV. BELIN VALE',1,460793),(461486,'SCOALA CU CLASELE I-IV. BICFALAU',1,461474),(461620,'SCOALA CU CLASELE I-IV. BITA',1,461591),(461656,'SCOALA CU CLASELE I-IV. CASINUL MIC',1,461644),(989062,'SCOALA CU CLASELE I-IV. CHILIENI',1,1257026),(460523,'SCOALA CU CLASELE I-IV. CHIURUS',1,461943),(461151,'SCOALA CU CLASELE I-IV. DOBARLAU VALE',1,461125),(460860,'SCOALA CU CLASELE I-IV. DOBOLII DE SUS',1,460846),(460547,'SCOALA CU CLASELE I-IV. FLOROAIA MARE',1,1135773),(460559,'SCOALA CU CLASELE I-IV. FLOROAIA MICA',1,1135773),(461216,'SCOALA CU CLASELE I-IV. FOTOS',1,461199),(461187,'SCOALA CU CLASELE I-IV. HARALE',1,461163),(461008,'SCOALA CU CLASELE I-IV. HATUICA',1,460999),(461785,'SCOALA CU CLASELE I-IV. HETEA',1,461761),(461462,'SCOALA CU CLASELE I-IV. HILIB',1,461448),(460406,'SCOALA CU CLASELE I-IV. I.A.S. SFINTU GHEORGHE',1,1257026),(461242,'SCOALA CU CLASELE I-IV. IARAS',1,461230),(461010,'SCOALA CU CLASELE I-IV. IMENI',1,460999),(461498,'SCOALA CU CLASELE I-IV. LISNAU',1,461474),(461137,'SCOALA CU CLASELE I-IV. LUNCA MARCUS',1,461125),(461515,'SCOALA CU CLASELE I-IV. LUNCA OZUN',1,461474),(461307,'SCOALA CU CLASELE I-IV. LUTOASA',1,461319),(461369,'SCOALA CU CLASELE I-IV. MALNAS BAI',1,461321),(461149,'SCOALA CU CLASELE I-IV. MARCUS',1,461125),(460975,'SCOALA CU CLASELE I-IV. MARTANUS',1,460963),(460470,'SCOALA CU CLASELE I-IV. MICLOSOARA',1,359449),(460872,'SCOALA CU CLASELE I-IV. NR.1 LET',1,460846),(461175,'SCOALA CU CLASELE I-IV. NR.2 GHELINTA',1,461163),(461292,'SCOALA CU CLASELE I-IV. NR.2 LEMNIA',1,461280),(989103,'SCOALA CU CLASELE I-IV. NR.2 LET',1,460846),(461709,'SCOALA CU CLASELE I-IV. NR.3 TURIA',1,461682),(461436,'SCOALA CU CLASELE I-IV. PADURENI',1,461400),(461852,'SCOALA CU CLASELE I-IV. PETENI',1,461326),(461632,'SCOALA CU CLASELE I-IV. SACIOVA',1,461591),(989086,'SCOALA CU CLASELE I-IV. SCRADOASA',1,1135773),(461864,'SCOALA CU CLASELE I-IV. SURCEA',1,461326),(460951,'SCOALA CU CLASELE I-IV. TALISOARA',1,460925),(460602,'SCOALA CU CLASELE I-IV. TINOASA',1,989098),(460884,'SCOALA CU CLASELE I-IV. TUFALAU',1,460846),(461589,'SCOALA CU CLASELE I-IV. VALEA SCURTA',1,461577),(4243791,'SCOALA CU CLASELE I-IV. VALEA ZALANULUI',1,461321),(1257026,'SCOALA CU CLASELE I-VIII. "ADY ENDRE" SFINTU GHEORGHE',1,1257026),(460755,'SCOALA CU CLASELE I-VIII. "AJTAI ABOD MIHALY" AITA SEACA',1,460743),(461591,'SCOALA CU CLASELE I-VIII. "ANTOS JANOS" RECI',1,461591),(461644,'SCOALA CU CLASELE I-VIII. "APOR ISTVAN" SANZIENI',1,461644),(460494,'SCOALA CU CLASELE I-VIII. "AVRAM IANCU" COVASNA',1,460494),(460999,'SCOALA CU CLASELE I-VIII. "BALINT GABOR" CATALINA',1,460999),(460846,'SCOALA CU CLASELE I-VIII. "BARTHA KAROLY" BOROSNEU MARE',1,460846),(461280,'SCOALA CU CLASELE I-VIII. "BEM JOZSEF" LEMNIA',1,461280),(460743,'SCOALA CU CLASELE I-VIII. "BENEDEK ELEK" BATANII MARI',1,460743),(460925,'SCOALA CU CLASELE I-VIII. "BENKO JOZSEF" BRADUT',1,460925),(460896,'SCOALA CU CLASELE I-VIII. "BIBO JOZSEF" BRATES',1,460896),(461060,'SCOALA CU CLASELE I-VIII. "BOD PETER" CERNAT',1,461058),(460793,'SCOALA CU CLASELE I-VIII. "BOLONI FARKAS SANDOR" BELIN',1,460793),(461814,'SCOALA CU CLASELE I-VIII. "BORBATH KAROLY" VARGHIS',1,461814),(460963,'SCOALA CU CLASELE I-VIII. "COMENIUS" BRETCU',1,460963),(461199,'SCOALA CU CLASELE I-VIII. "CZETZ JANOS" GHIDFALAU',1,461199),(461424,'SCOALA CU CLASELE I-VIII. "DARKO JENO" DALNIC',1,461424),(461747,'SCOALA CU CLASELE I-VIII. "DR.GELEI JOZSEF" ARCUS',1,461747),(461383,'SCOALA CU CLASELE I-VIII. "FEJER AKOS" MICFALAU',1,461383),(359449,'SCOALA CU CLASELE I-VIII. "GAAL MOZES" BARAOLT',1,359449),(461101,'SCOALA CU CLASELE I-VIII. "GABOR ARON" CHICHIS',1,461101),(460535,'SCOALA CU CLASELE I-VIII. "GHEORGHE ZAHARIA" BRADET',1,1135773),(460420,'SCOALA CU CLASELE I-VIII. "GODRI FERENC" SFINTU GHEORGHE',1,460420),(460810,'SCOALA CU CLASELE I-VIII. "HENTER KAROLY" BODOC',1,460810),(461163,'SCOALA CU CLASELE I-VIII. "JANCSO BENEDEK" GHELINTA',1,461163),(461735,'SCOALA CU CLASELE I-VIII. "KALNOKI LUDMILLA" VALEA CRISULUI',1,461735),(461694,'SCOALA CU CLASELE I-VIII. "KARATNA" TURIA',1,461682),(461319,'SCOALA CU CLASELE I-VIII. "KELEMEN DIDAK" MERENI',1,461319),(461682,'SCOALA CU CLASELE I-VIII. "KICSI ANTAL" TURIA',1,461682),(460729,'SCOALA CU CLASELE I-VIII. "KRIZA JANOS" AITA MARE',1,460729),(461448,'SCOALA CU CLASELE I-VIII. "KUN KOCSARD" OJDULA',1,461448),(461254,'SCOALA CU CLASELE I-VIII. "LUKACS LASZLO" ILIENI',1,461254),(460779,'SCOALA CU CLASELE I-VIII. "MATHE JANOS" HERCULIAN',1,460779),(460652,'SCOALA CU CLASELE I-VIII. "MIHAI EMINESCU" VALEA MARE',1,460652),(1135773,'SCOALA CU CLASELE I-VIII. "MIHAIL SADOVEANU" INTORSURA BUZAULUI',1,1135773),(461333,'SCOALA CU CLASELE I-VIII. "MIKES ARMIN" BIXAD',1,461333),(461888,'SCOALA CU CLASELE I-VIII. "MIKES KELEMEN" ZAGON',1,461888),(460573,'SCOALA CU CLASELE I-VIII. "MOLNAR JOZSIAS" TIRGU SECUIESC',1,460573),(461577,'SCOALA CU CLASELE I-VIII. "NAGY MOZES" ESTELNIC',1,461577),(4241078,'SCOALA CU CLASELE I-VIII. "NERI SZENT FULOP" SFINTU GHEORGHE',1,4241078),(4241080,'SCOALA CU CLASELE I-VIII. "NICOLAE COLAN" SFINTU GHEORGHE',1,4241080),(460664,'SCOALA CU CLASELE I-VIII. "NICOLAE RUSSU" SITA BUZAULUI',1,460664),(461670,'SCOALA CU CLASELE I-VIII. "OPRA BENEDEK" VALEA SEACA',1,461644),(461400,'SCOALA CU CLASELE I-VIII. "ORBAN BALAZS" MOACSA',1,461400),(460561,'SCOALA CU CLASELE I-VIII. "PETOFI SANDOR" TIRGU SECUIESC',1,460561),(461761,'SCOALA CU CLASELE I-VIII. "ROMULUS CIOFLEC" ARACI',1,461761),(461474,'SCOALA CU CLASELE I-VIII. "TATRANGI SANDOR" OZUN',1,461474),(461876,'SCOALA CU CLASELE I-VIII. "THURY GERGELY" TAMASFALAU',1,461326),(461321,'SCOALA CU CLASELE I-VIII. "TOKES JOZSEF" MALNAS SAT',1,461321),(461541,'SCOALA CU CLASELE I-VIII. "TREFAN LEONARD" POIAN',1,461541),(989098,'SCOALA CU CLASELE I-VIII. "TUROCZI MOZES" TIRGU SECUIESC',1,989098),(460377,'SCOALA CU CLASELE I-VIII. "VARADI JOZSEF" SFINTU GHEORGHE',1,460377),(461058,'SCOALA CU CLASELE I-VIII. "VEGH ANTAL" CERNAT',1,461058),(460731,'SCOALA CU CLASELE I-VIII. AITA MEDIE',1,460729),(461113,'SCOALA CU CLASELE I-VIII. BACEL',1,461101),(460626,'SCOALA CU CLASELE I-VIII. BARCANI',1,460626),(460456,'SCOALA CU CLASELE I-VIII. CAPENI',1,359449),(460676,'SCOALA CU CLASELE I-VIII. CIUMERNIC',1,460664),(460614,'SCOALA CU CLASELE I-VIII. COMANDAU',1,460614),(461125,'SCOALA CU CLASELE I-VIII. DOBARLAU',1,461125),(460937,'SCOALA CU CLASELE I-VIII. DOBOSENI',1,460925),(460949,'SCOALA CU CLASELE I-VIII. FILIA',1,460925),(461230,'SCOALA CU CLASELE I-VIII. HAGHIG',1,461230),(460638,'SCOALA CU CLASELE I-VIII. LADAUTI',1,460626),(461046,'SCOALA CU CLASELE I-VIII. MARTINENI',1,460999),(461326,'SCOALA CU CLASELE I-VIII. NR.1 ZABALA',1,461326),(460509,'SCOALA CU CLASELE I-VIII. NR.2 COVASNA',1,1203051),(460688,'SCOALA CU CLASELE I-VIII. NR.3 SITA BUZAULUI',1,460664),(460987,'SCOALA CU CLASELE I-VIII. OITUZ',1,460963),(461890,'SCOALA CU CLASELE I-VIII. PAPAUTI',1,461890),(461668,'SCOALA CU CLASELE I-VIII. PETRICENI',1,461644),(460482,'SCOALA CU CLASELE I-VIII. RACOSUL DE SUS',1,359449),(460640,'SCOALA CU CLASELE I-VIII. SARAMAS',1,460626),(461797,'SCOALA CU CLASELE I-VIII. VALCELE',1,461761),(460717,'SCOALA CU CLASELE I-VIII. ZABRATAU',1,460664),(1161564,'SCOALA NORMALA "BOD PETER" TIRGU SECUIESC',1,1161564),(1313533,'SCOALA POSTLICEALA SANITARA SFINTU GHEORGHE',1,1181370),(462002,'SCOALA SPECIALA OLTENI',2,462002),(1203051,'SCOALA SPECIALA SFINTU GHEORGHE',2,1203051);
INSERT INTO tip_unitate(Id,Nume) VALUES(1,'Local'),(2,'Județean'),(3,'Conex'),(4,'Inspectorat');
INSERT INTO user(id,username,password,unitate,tip_user) VALUES(1,'deimios','bdd080d9d6c3fb6e8f57f223202f5b16c968a0b6ee407ac328bba380318f1e041980721e7c7b5b6c8b735c9f3c1d5c61568ee086284bc403792c0ae2faa2b687',458659,1);
INSERT INTO tip_user(id,name,can_respond,can_login,can_send,can_manage_all_users,can_manage_own_users) VALUES(1,'Administrator',0,1,1,1,0),(2,'User',1,1,0,0,1),(3,'Banned',0,0,0,0,0);
INSERT INTO tip_transfer(id,nume) VALUES(1,'Adresă'),(2,'Răspuns');
INSERT INTO tip_stat(id,nume,2d,AR,variable) VALUES(1,'Simplu_PJ',0,0,0),(2,'Simplu_AR',0,1,0),(3,'2D_PJ',1,0,0),(4,'2D_AR',1,1,0),(5,'Catalog_PJ',0,0,1),(6,'Catalog_AR',0,1,1);
SET foreign_key_checks = 1;
